isfocus,focus,word,normalized_words,index,POS,-1POS,-2POS,+1POS,+2POS,prediction
1,chapter,Chapter,chapter,0,15,39,39,7,4,1
0,chapter,4,4,1,7,15,39,4,39,0
0,chapter,.,.,2,4,7,15,39,39,0
0,cause,I,i,0,10,39,39,8,11,0
0,cause,had,have,1,8,10,39,11,15,0
0,cause,thus,thus,2,11,8,10,15,5,0
0,cause,learned,learn,3,15,11,8,5,23,0
0,cause,a,a,4,5,15,11,23,3,0
0,cause,second,second,5,23,5,15,3,10,0
0,cause,fact,fact,6,3,23,5,10,23,0
0,cause,of,of,7,10,3,23,23,3,0
0,cause,great,great,8,23,10,3,3,21,0
0,cause,importance,importance,9,3,23,10,21,31,0
0,cause,:,:,10,21,3,23,31,18,0
0,cause,this,this,11,31,21,3,18,28,0
0,cause,was,be,12,18,31,21,28,8,0
0,cause,that,that,13,28,18,31,8,15,0
0,cause,the,the,14,8,28,18,15,5,0
0,cause,planet,planet,15,15,8,28,5,8,0
0,cause,the,the,16,5,15,8,8,15,0
0,cause,little,little,17,8,5,15,15,10,0
0,cause,prince,prince,18,15,8,5,10,8,0
0,cause,came,come,19,10,15,8,8,11,0
0,cause,from,from,20,8,10,15,11,15,0
0,cause,was,be,21,11,8,10,15,20,0
0,cause,scarcely,scarcely,22,15,11,8,20,15,0
0,cause,any,any,23,20,15,11,15,31,0
0,cause,larger,large,24,15,20,15,31,33,0
0,cause,than,than,25,31,15,20,33,28,0
0,cause,a,a,26,33,31,15,28,21,0
0,cause,house,house,27,28,33,31,21,4,0
0,cause,!,!,28,21,28,33,4,39,0
0,contrast,But,but,0,4,21,28,39,39,0
0,contrast,that,that,1,23,39,39,3,10,0
0,contrast,did,do,2,3,23,39,10,15,0
0,contrast,not,not,3,10,3,23,15,28,0
0,contrast,really,really,4,15,10,3,28,30,0
0,contrast,surprise,surprise,5,28,15,10,30,26,0
0,contrast,me,me,6,30,28,15,26,28,0
0,contrast,much,much,7,26,30,28,28,21,0
0,contrast,.,.,8,28,26,30,21,3,0
0,know,I,i,0,21,28,26,3,6,0
0,know,knew,knew,1,3,21,28,6,10,0
0,know,very,very,2,6,3,21,10,10,0
0,know,well,well,3,10,6,3,10,8,0
0,know,that,that,4,10,10,6,8,15,0
0,know,in,in,5,8,10,10,15,31,0
0,know,addition,addition,6,15,8,10,31,33,0
0,know,to,to,7,31,15,8,33,33,0
0,know,the,the,8,33,31,15,33,10,0
0,know,great,great,9,33,33,31,10,23,0
0,know,planets,planet,10,10,33,33,23,6,0
0,know,--,--,11,23,10,33,6,11,0
0,know,such,such,12,6,23,10,11,15,0
0,know,as,a,13,11,6,23,15,10,0
0,know,the,the,14,15,11,6,10,22,0
0,know,Earth,earth,15,10,15,11,22,15,0
0,know,",",",",16,22,10,15,15,3,0
0,know,Jupiter,jupiter,17,15,22,10,3,21,0
0,know,",",",",18,3,15,22,21,31,0
0,know,Mars,mars,19,21,3,15,31,5,0
0,know,",",",",20,31,21,3,5,40,0
0,know,Venus,venus,21,5,31,21,40,8,0
0,know,--,--,22,39,5,31,8,15,0
0,know,to,to,23,8,40,5,15,5,0
0,know,which,which,24,15,8,40,5,10,0
0,know,we,we,25,5,15,8,10,21,0
0,know,have,have,26,10,5,15,21,35,0
0,know,given,give,27,21,10,5,35,11,0
0,know,names,name,28,35,21,10,11,18,0
0,know,",",",",29,11,35,21,18,3,0
0,know,there,there,30,18,11,35,3,35,0
0,know,are,be,31,3,18,11,35,21,0
0,know,also,also,32,35,3,18,21,30,0
0,know,hundreds,hundred,33,21,35,3,30,18,0
0,know,of,of,34,30,21,35,18,3,0
0,know,others,others,35,18,30,21,3,23,0
0,know,",",",",36,3,18,30,23,4,0
0,know,some,some,37,23,3,18,4,40,0
0,know,of,of,38,4,23,3,40,39,0
0,know,which,which,39,39,4,23,39,39,0
0,know,are,be,40,39,39,39,8,15,0
0,know,so,so,41,8,40,39,15,3,0
0,know,small,small,42,15,8,40,3,40,0
0,know,that,that,43,3,15,8,40,39,0
0,know,one,one,44,39,3,15,39,39,0
0,know,has,have,45,21,39,39,31,3,0
0,know,a,a,46,31,21,39,3,40,0
0,know,hard,hard,47,3,31,21,40,35,0
0,know,time,time,48,39,3,31,35,15,0
0,know,seeing,see,49,35,40,3,15,21,0
0,know,them,them,50,15,35,40,21,35,0
0,know,through,through,51,21,15,35,35,10,0
0,know,the,the,52,35,21,15,10,22,0
0,know,telescope,telescope,53,10,35,21,22,15,0
0,know,.,.,54,22,10,35,15,4,0
0,give,When,when,0,15,22,10,4,40,0
0,give,an,an,1,4,15,22,40,39,0
0,give,astronomer,astronomer,2,39,4,15,39,39,0
0,give,discovers,discovers,3,39,39,39,23,18,0
0,give,one,one,4,23,40,39,18,36,0
0,give,of,of,5,18,23,40,36,34,0
0,give,these,these,6,36,18,23,34,33,0
0,give,he,he,7,34,36,18,33,4,0
0,give,does,do,8,33,34,36,4,40,0
0,give,not,not,9,4,33,34,40,39,0
1,give,give,give,10,39,4,33,39,39,0
0,give,it,it,11,39,39,39,29,3,0
0,give,a,a,12,29,40,39,3,23,0
0,give,name,name,13,3,29,40,23,18,0
0,give,",",",",14,23,3,29,18,36,0
0,give,but,but,15,18,23,3,36,34,0
0,give,only,only,16,36,18,23,34,18,0
0,give,a,a,17,34,36,18,18,4,0
0,give,number,number,18,18,34,36,4,40,0
0,give,.,.,19,4,18,34,40,39,0
0,possible,He,he,0,39,4,18,39,39,0
0,possible,might,might,1,39,39,39,23,8,0
0,possible,call,call,2,23,40,39,8,18,1
0,possible,it,it,3,8,23,40,18,5,0
0,possible,",",",",4,18,8,23,5,37,0
0,possible,for,for,5,5,18,8,37,15,0
0,possible,example,example,6,37,5,18,15,34,0
0,possible,",",",",7,15,37,5,34,21,0
0,possible,``,``,8,34,15,37,21,4,0
0,possible,Asteroid,asteroid,9,21,34,15,4,40,0
0,possible,325,325,10,4,21,34,40,39,0
0,possible,.,.,11,39,4,21,39,39,0
0,possible,``,``,12,21,39,39,31,23,0
0,cause,I,i,0,31,21,39,23,30,0
0,cause,have,have,1,23,31,21,30,4,0
0,cause,serious,serious,2,30,23,31,4,39,0
0,cause,reason,reason,3,4,30,23,39,39,0
0,cause,to,to,4,10,39,39,8,15,0
0,cause,believe,believe,5,8,10,39,15,21,1
0,cause,that,that,6,15,8,10,21,31,0
0,cause,the,the,7,21,15,8,31,23,0
0,cause,planet,planet,8,31,21,15,23,11,0
0,cause,from,from,9,23,31,21,11,32,0
0,cause,which,which,10,11,23,31,32,28,0
0,cause,the,the,11,32,11,23,28,30,0
0,cause,little,little,12,28,32,11,30,8,0
0,cause,prince,prince,13,30,28,32,8,15,0
0,cause,came,come,14,8,30,28,15,36,0
0,cause,is,be,15,15,8,30,36,31,0
0,cause,the,the,16,36,15,8,31,33,0
0,cause,asteroid,asteroid,17,31,36,15,33,33,0
0,cause,known,know,18,33,31,36,33,10,0
0,cause,as,a,19,33,33,31,10,22,0
0,cause,B-612,b-612,20,10,33,33,22,15,0
0,cause,.,.,21,22,10,33,15,4,0
0,see,This,this,0,15,22,10,4,39,0
0,see,asteroid,asteroid,1,4,15,22,39,39,0
0,see,has,have,2,21,39,39,31,23,0
0,see,only,only,3,31,21,39,23,11,0
0,see,once,once,4,23,31,21,11,33,0
0,see,been,be,5,11,23,31,33,3,0
1,see,seen,see,6,33,11,23,3,10,0
0,see,through,through,7,3,33,11,10,21,0
0,see,the,the,8,10,3,33,21,31,0
0,see,telescope,telescope,9,21,10,3,31,32,0
0,see,.,.,10,31,21,10,32,11,0
0,see,That,that,0,32,31,21,11,28,0
0,see,was,be,1,11,32,31,28,21,0
0,see,by,by,2,28,11,32,21,10,0
0,see,a,a,3,21,28,11,10,8,0
0,see,Turkish,turkish,4,10,21,28,8,15,0
0,see,astronomer,astronomer,5,8,10,21,15,10,0
0,see,",",",",6,15,8,10,10,22,0
0,see,in,in,7,10,15,8,22,15,0
0,see,1909,1909,8,22,10,15,15,31,0
0,see,.,.,9,15,22,10,31,23,0
0,present,On,on,0,31,15,22,23,11,0
0,present,making,make,1,23,31,15,11,4,0
0,present,his,his,2,11,23,31,4,39,0
0,present,discovery,discovery,3,4,11,23,39,39,0
0,present,",",",",4,6,39,39,21,31,0
0,present,the,the,5,21,6,39,31,23,0
0,present,astronomer,astronomer,6,31,21,6,23,11,0
0,present,had,have,7,23,31,21,11,32,0
1,present,presented,present,8,11,23,31,32,5,0
0,present,it,it,9,32,11,23,5,15,0
0,present,to,to,10,5,32,11,15,31,0
0,present,the,the,11,15,5,32,31,10,0
0,present,International,international,12,31,15,5,10,21,0
0,present,Astronomical,astronomical,13,10,31,15,21,31,0
0,present,Congress,congress,14,21,10,31,31,28,0
0,present,",",",",15,31,21,10,28,30,0
0,present,in,in,16,28,31,21,30,10,0
0,present,a,a,17,30,28,31,10,8,0
0,present,great,great,18,10,30,28,8,13,0
0,present,demonstration,demonstration,19,8,10,30,13,4,0
0,present,.,.,20,13,8,10,4,39,0
0,contrast,But,but,0,4,13,8,39,39,0
0,contrast,he,he,1,39,39,39,8,18,0
0,contrast,was,be,2,8,40,39,18,5,0
0,contrast,in,in,3,18,8,40,5,5,0
0,contrast,Turkish,turkish,4,5,18,8,5,37,0
0,contrast,costume,costume,5,5,5,18,37,15,0
0,contrast,",",",",6,37,5,5,15,34,0
0,contrast,and,and,7,15,37,5,34,21,0
0,contrast,so,so,8,34,15,37,21,4,0
0,contrast,nobody,nobody,9,21,34,15,4,40,0
0,contrast,would,would,10,4,21,34,40,39,0
0,contrast,believe,believe,11,39,4,21,39,39,0
0,contrast,what,what,12,8,39,39,11,15,0
0,contrast,he,he,13,11,8,39,15,23,0
0,contrast,said,say,14,15,11,8,23,31,1
0,contrast,.,.,15,23,15,11,31,30,0
0,resemble,Grown,grown,0,31,23,15,30,10,0
0,resemble,-,-,1,30,31,23,10,8,0
0,resemble,ups,ups,2,10,30,31,8,15,0
0,resemble,are,be,3,8,10,30,15,3,0
0,resemble,like,like,4,15,8,10,3,23,0
0,resemble,that,that,5,3,15,8,23,21,0
0,resemble,...,...,6,23,3,15,21,31,0
0,contrast,Fortunately,fortunately,0,21,23,3,31,33,0
0,contrast,",",",",1,31,21,23,33,21,0
0,contrast,however,however,2,33,31,21,21,4,0
0,contrast,",",",",3,21,33,31,4,39,0
0,contrast,for,for,4,4,21,33,39,39,0
0,contrast,the,the,5,10,39,39,10,21,0
0,contrast,reputation,reputation,6,10,10,39,21,3,0
0,contrast,of,of,7,21,10,10,3,21,0
0,contrast,Asteroid,asteroid,8,3,21,10,21,31,0
0,contrast,B-612,b-612,9,21,3,21,31,33,0
0,contrast,",",",",10,31,21,3,33,10,0
0,contrast,a,a,11,33,31,21,10,8,0
0,contrast,Turkish,turkish,12,10,33,31,8,15,0
0,contrast,dictator,dictator,13,8,10,33,15,4,0
0,contrast,made,make,14,15,8,10,4,39,0
0,contrast,a,a,15,4,15,8,39,39,0
0,contrast,law,law,16,6,39,39,21,31,0
0,contrast,that,that,17,21,6,39,31,10,0
0,contrast,his,his,18,31,21,6,10,8,0
0,contrast,subjects,subject,19,10,31,21,8,11,0
0,contrast,",",",",20,8,10,31,11,15,0
0,contrast,under,under,21,11,8,10,15,36,0
0,contrast,pain,pain,22,15,11,8,36,31,0
0,contrast,of,of,23,36,15,11,31,10,0
0,contrast,death,death,24,31,36,15,10,22,0
0,contrast,",",",",25,10,31,36,22,15,0
0,contrast,should,should,26,22,10,31,15,5,0
0,contrast,change,change,27,15,22,10,5,40,0
0,contrast,to,to,28,5,15,22,40,8,0
0,contrast,European,european,29,39,5,15,8,18,0
0,contrast,costume,costume,30,8,40,5,18,34,0
0,contrast,.,.,31,18,8,40,34,10,0
0,cause,So,so,0,34,18,8,10,8,0
0,cause,in,in,1,10,34,18,8,15,0
0,cause,1920,1920,2,8,10,34,15,10,0
0,cause,the,the,3,15,8,10,10,8,0
0,cause,astronomer,astronomer,4,10,15,8,8,4,0
0,cause,gave,give,5,8,10,15,4,39,1
0,cause,his,his,6,4,8,10,39,39,0
0,cause,demonstration,demonstration,7,18,39,39,34,18,0
0,cause,all,all,8,34,18,39,18,23,0
0,cause,over,over,9,18,34,18,23,10,0
0,cause,again,again,10,23,18,34,10,15,0
0,cause,",",",",11,10,23,18,15,4,0
0,cause,dressed,dress,12,15,10,23,4,40,0
0,cause,with,with,13,4,15,10,40,39,0
0,cause,impressive,impressive,14,39,4,15,39,39,0
0,cause,style,style,15,39,39,39,29,4,0
0,cause,and,and,16,29,40,39,4,40,0
0,cause,elegance,elegance,17,4,29,40,40,39,0
0,cause,.,.,18,39,4,29,39,39,0
1,and,And,and,0,9,39,39,31,8,0
0,and,this,this,1,31,9,39,8,15,0
0,and,time,time,2,8,31,9,15,10,0
0,and,everybody,everybody,3,15,8,31,10,11,0
0,and,accepted,accepted,4,10,15,8,11,15,0
0,and,his,his,5,11,10,15,15,4,0
0,and,report,report,6,15,11,10,4,39,0
0,and,.,.,7,4,15,11,39,39,0
0,account,If,if,0,23,39,39,8,11,0
0,account,I,i,1,8,23,39,11,15,0
0,account,have,have,2,11,8,23,15,31,0
0,account,told,told,3,15,11,8,31,23,0
0,account,you,you,4,31,15,11,23,10,0
0,account,these,these,5,23,31,15,10,21,0
0,account,details,detail,6,10,23,31,21,3,0
0,account,about,about,7,21,10,23,3,10,0
0,account,the,the,8,3,21,10,10,8,0
0,account,asteroid,asteroid,9,10,3,21,8,15,0
0,account,",",",",10,8,10,3,15,10,0
0,account,and,and,11,15,8,10,10,15,0
0,account,made,make,12,10,15,8,15,5,0
0,account,a,a,13,15,10,15,5,40,0
0,account,note,note,14,5,15,10,40,21,0
0,account,of,of,15,39,5,15,21,34,0
0,account,its,it,16,21,40,5,34,23,0
0,account,number,number,17,34,21,40,23,30,0
0,account,for,for,18,23,34,21,30,21,0
0,account,you,you,19,30,23,34,21,4,0
0,account,",",",",20,21,30,23,4,39,0
0,account,it,it,21,4,21,30,39,39,0
0,account,is,be,22,18,39,39,34,11,0
0,account,on,on,23,34,18,39,11,18,0
1,account,account,account,24,11,34,18,18,4,0
0,account,of,of,25,18,11,34,4,39,0
0,account,the,the,26,4,18,11,39,39,0
0,account,grown,grown,27,21,39,39,34,11,0
0,account,-,-,28,34,21,39,11,4,0
0,account,ups,ups,29,11,34,21,4,39,0
0,account,and,and,30,4,11,34,39,39,0
0,account,their,their,31,21,39,39,34,21,0
0,account,ways,way,32,34,21,39,21,10,0
0,account,.,.,33,21,34,21,10,10,0
0,question,WHen,when,0,10,21,34,10,21,0
0,question,you,you,1,10,10,21,21,14,0
0,question,tell,tell,2,21,10,10,14,4,1
0,question,them,them,3,14,21,10,4,39,0
0,question,that,that,4,4,14,21,39,39,0
0,question,you,you,5,21,39,39,34,10,0
0,question,have,have,6,34,21,39,10,22,0
0,question,made,make,7,10,34,21,22,18,0
0,question,a,a,8,22,10,34,18,34,0
0,question,new,new,9,18,22,10,34,11,0
0,question,friend,friend,10,34,18,22,11,18,0
0,question,",",",",11,11,34,18,18,5,0
0,question,they,they,12,18,11,34,5,40,0
0,question,never,never,13,5,18,11,40,39,0
0,question,ask,ask,14,39,5,18,39,39,0
0,question,you,you,15,21,39,39,31,23,0
0,question,any,any,16,31,21,39,23,30,0
1,question,questions,question,17,23,31,21,30,4,0
0,question,about,about,18,30,23,31,4,39,0
0,question,essential,essential,19,4,30,23,39,39,0
0,question,matters,matter,20,10,39,39,8,15,0
0,question,.,.,21,8,10,39,15,21,0
0,say,They,they,0,15,8,10,21,31,0
0,say,never,never,1,21,15,8,31,32,0
1,say,say,say,2,31,21,15,32,28,1
0,say,to,to,3,32,31,21,28,30,0
0,say,you,you,4,28,32,31,30,5,0
0,say,",",",",5,30,28,32,5,40,0
0,say,``,``,6,5,30,28,40,10,0
0,say,What,what,7,39,5,30,10,8,0
0,say,does,do,8,10,40,5,8,15,0
0,say,his,his,9,8,10,40,15,23,0
0,say,voice,voice,10,15,8,10,23,14,0
0,say,sound,sound,11,23,15,8,14,23,0
0,say,like,like,12,14,23,15,23,30,0
0,say,?,?,13,23,14,23,30,3,0
0,love,What,what,0,30,23,14,3,21,0
0,love,games,game,1,3,30,23,21,34,0
0,love,does,do,2,21,3,30,34,32,0
0,love,he,he,3,34,21,3,32,28,0
1,love,love,love,4,32,34,21,28,30,0
0,love,best,best,5,28,32,34,30,21,0
0,love,?,?,6,30,28,32,21,26,0
0,collect,Does,does,0,21,30,28,26,10,0
0,collect,he,he,1,26,21,30,10,8,0
1,collect,collect,collect,2,10,26,21,8,15,0
0,collect,butterflies,butterfly,3,8,10,26,15,4,0
0,collect,?,?,4,15,8,10,4,40,0
0,collect,``,``,5,4,15,8,40,39,0
0,demand,Instead,instead,0,39,4,15,39,39,0
0,demand,",",",",1,30,39,39,8,11,0
0,demand,they,they,2,8,30,39,11,15,0
1,demand,demand,demand,3,11,8,30,15,31,1
0,demand,:,:,4,15,11,8,31,22,0
0,demand,``,``,5,31,15,11,22,18,0
0,demand,How,how,6,22,31,15,18,4,0
0,demand,old,old,7,18,22,31,4,39,0
0,demand,is,be,8,4,18,22,39,39,0
0,demand,he,he,9,39,39,39,6,21,0
0,demand,?,?,10,6,40,39,21,23,0
0,haverelrole,How,how,0,21,6,40,23,34,0
0,haverelrole,many,many,1,23,21,6,34,10,0
0,haverelrole,brothers,brother,2,34,23,21,10,8,0
0,haverelrole,has,have,3,10,34,23,8,18,0
0,haverelrole,he,he,4,8,10,34,18,5,0
0,haverelrole,?,?,5,18,8,10,5,5,0
0,weigh,How,how,0,5,18,8,5,40,0
0,weigh,much,much,1,5,5,18,40,39,0
0,weigh,does,do,2,39,5,5,39,39,0
0,weigh,he,he,3,39,39,39,29,3,0
1,weigh,weigh,weigh,4,29,40,39,3,8,1
0,weigh,?,?,5,3,29,40,8,4,0
0,make,How,how,0,8,3,29,4,40,0
0,make,much,much,1,4,8,3,40,39,0
0,make,money,money,2,39,4,8,39,39,0
0,make,does,do,3,21,39,39,31,4,0
0,make,his,his,4,31,21,39,4,39,0
0,make,father,father,5,4,31,21,39,39,0
1,make,make,make,6,39,39,39,29,3,0
0,make,?,?,7,29,40,39,3,8,0
0,make,``,``,8,3,29,40,8,8,0
0,think,Only,only,0,8,3,29,8,4,0
0,think,from,from,1,8,8,3,4,39,0
0,think,these,these,2,4,8,8,39,39,0
0,think,figures,figure,3,21,39,39,34,23,0
0,think,do,do,4,34,21,39,23,30,0
0,think,they,they,5,23,34,21,30,15,0
1,think,think,think,6,30,23,34,15,4,0
0,think,they,they,7,15,30,23,4,39,0
0,think,have,have,8,4,15,30,39,39,0
0,think,learned,learn,9,21,39,39,31,21,0
0,think,anything,anything,10,31,21,39,21,10,0
0,think,about,about,11,21,31,21,10,8,0
0,think,him,him,12,10,21,31,8,11,0
0,think,.,.,13,8,10,21,11,15,0
0,possible,If,if,0,11,8,10,15,36,0
0,possible,you,you,1,15,11,8,36,31,0
0,possible,were,be,2,36,15,11,31,10,0
0,possible,to,to,3,31,36,15,10,22,0
0,possible,say,say,4,10,31,36,22,15,1
0,possible,to,to,5,22,10,31,15,4,0
0,possible,the,the,6,15,22,10,4,39,0
0,possible,grown,grown,7,4,15,22,39,39,0
0,possible,-,-,8,34,39,39,23,21,0
0,possible,ups,ups,9,23,34,39,21,30,0
0,possible,:,:,10,21,23,34,30,5,0
0,possible,``,``,11,30,21,23,5,5,0
0,possible,I,i,12,5,30,21,5,21,0
0,possible,saw,saw,13,5,5,30,21,34,0
0,possible,a,a,14,21,5,5,34,23,0
0,possible,beautiful,beautiful,15,34,21,5,23,11,0
0,possible,house,house,16,23,34,21,11,10,0
0,possible,made,make,17,11,23,34,10,18,0
0,possible,of,of,18,10,11,23,18,10,0
0,possible,rosy,rosy,19,18,10,11,10,15,0
0,possible,brick,brick,20,10,18,10,15,4,0
0,possible,",",",",21,15,10,18,4,40,0
0,possible,with,with,22,4,15,10,40,39,0
0,possible,geraniums,geranium,23,39,4,15,39,39,0
0,possible,in,in,24,21,39,39,31,10,0
0,possible,the,the,25,31,21,39,10,21,0
0,possible,windows,window,26,10,31,21,21,3,0
0,possible,and,and,27,21,10,31,3,15,0
0,possible,doves,dove,28,3,21,10,15,4,0
0,possible,on,on,29,15,3,21,4,39,0
0,possible,the,the,30,4,15,3,39,39,0
0,possible,roof,roof,31,39,39,39,18,10,0
0,possible,",",",",32,18,40,39,10,15,0
0,possible,``,``,33,10,18,40,15,4,0
0,possible,they,they,34,15,10,18,4,40,0
0,possible,would,would,35,4,15,10,40,39,0
0,possible,not,not,36,39,4,15,39,39,0
0,possible,be,be,37,21,39,39,31,10,0
0,possible,able,able,38,31,21,39,10,21,0
0,possible,to,to,39,10,31,21,21,9,0
0,possible,get,get,40,21,10,31,9,3,0
0,possible,any,any,41,9,21,10,3,10,0
0,possible,idea,idea,42,3,9,21,10,22,0
0,possible,of,of,43,10,3,9,22,15,0
0,possible,that,that,44,22,10,3,15,10,0
0,possible,house,house,45,15,22,10,10,22,0
0,possible,at,at,46,10,15,22,22,15,0
0,possible,all,all,47,22,10,15,15,3,0
0,possible,.,.,48,15,22,10,3,22,0
0,obligate,You,you,0,3,15,22,22,18,0
0,obligate,would,would,1,22,3,15,18,11,0
0,obligate,have,have,2,18,22,3,11,10,0
0,obligate,to,to,3,11,18,22,10,15,0
0,obligate,say,say,4,10,11,18,15,5,1
0,obligate,to,to,5,15,10,11,5,15,0
0,obligate,them,them,6,5,15,10,15,3,0
0,obligate,:,:,7,15,5,15,3,32,0
0,obligate,``,``,8,3,15,5,32,26,0
0,obligate,I,i,9,32,3,15,26,10,0
0,obligate,saw,saw,10,26,32,3,10,8,0
0,obligate,a,a,11,10,26,32,8,15,0
0,obligate,house,house,12,8,10,26,15,36,0
0,obligate,that,that,13,15,8,10,36,31,0
0,obligate,cost,cost,14,36,15,8,31,28,0
0,obligate,$,$,15,31,36,15,28,21,0
0,obligate,"20,000","20,000",16,28,31,36,21,23,0
0,obligate,.,.,17,21,28,31,23,23,0
0,obligate,``,``,18,23,21,28,23,5,0
0,exclaim,Then,then,0,23,23,21,5,39,0
0,exclaim,they,they,1,5,23,23,39,39,0
0,exclaim,would,would,2,39,39,39,21,34,0
1,exclaim,exclaim,exclaim,3,21,40,39,34,23,1
0,exclaim,:,:,4,34,21,40,23,10,0
0,exclaim,``,``,5,23,34,21,10,8,0
0,exclaim,Oh,oh,6,10,23,34,8,11,0
0,exclaim,",",",",7,8,10,23,11,5,0
0,exclaim,what,what,8,11,8,10,5,15,0
0,exclaim,a,a,9,5,11,8,15,4,0
0,exclaim,pretty,pretty,10,15,5,11,4,40,0
0,exclaim,house,house,11,4,15,5,40,39,0
0,exclaim,that,that,12,39,4,15,39,39,0
0,exclaim,is,be,13,8,39,39,31,21,0
0,exclaim,!,!,14,31,8,39,21,8,0
0,exclaim,``,``,15,21,31,8,8,11,0
0,possible,Just,just,0,8,21,31,11,11,0
0,possible,so,so,1,11,8,21,11,4,0
0,possible,",",",",2,11,11,8,4,39,0
0,possible,you,you,3,4,11,11,39,39,0
0,possible,might,might,4,6,39,39,21,31,0
0,possible,say,say,5,21,6,39,31,10,1
0,possible,to,to,6,31,21,6,10,3,0
0,possible,them,them,7,10,31,21,3,23,0
0,possible,:,:,8,3,10,31,23,5,0
0,possible,``,``,9,23,3,10,5,40,0
0,possible,The,the,10,5,23,3,40,21,0
0,possible,proof,proof,11,39,5,23,21,34,0
0,possible,that,that,12,21,40,5,34,15,0
0,possible,the,the,13,34,21,40,15,26,0
0,possible,little,little,14,15,34,21,26,23,0
0,possible,prince,prince,15,26,15,34,23,5,0
0,possible,existed,exist,16,23,26,15,5,39,0
0,possible,is,be,17,5,23,26,39,39,0
0,possible,that,that,18,21,39,39,34,15,0
0,possible,he,he,19,34,21,39,15,5,0
0,possible,was,be,20,15,34,21,5,40,0
0,possible,charming,charm,21,5,15,34,40,39,0
0,possible,",",",",22,39,5,15,39,39,0
0,possible,that,that,23,21,39,39,31,23,0
0,possible,he,he,24,31,21,39,23,23,0
0,possible,laughed,laugh,25,23,31,21,23,11,0
0,possible,",",",",26,23,23,31,11,4,0
0,possible,and,and,27,11,23,23,4,39,0
0,possible,that,that,28,4,11,23,39,39,0
0,possible,he,he,29,21,39,39,31,22,0
0,possible,was,be,30,31,21,39,22,11,0
0,possible,looking,look,31,22,31,21,11,15,0
0,possible,for,for,32,11,22,31,15,10,0
0,possible,a,a,33,15,11,22,10,8,0
0,possible,sheep,sheep,34,10,15,11,8,15,0
0,possible,.,.,35,8,10,15,15,4,0
0,prove,If,if,0,15,8,10,4,39,0
0,prove,anybody,anybody,1,4,15,8,39,39,0
0,prove,wants,want,2,39,39,39,21,34,0
0,prove,a,a,3,21,40,39,34,8,0
0,prove,sheep,sheep,4,34,21,40,8,15,0
0,prove,",",",",5,8,34,21,15,38,0
0,prove,that,that,6,15,8,34,38,9,0
0,prove,is,be,7,38,15,8,9,35,0
0,prove,a,a,8,9,38,15,35,8,0
0,prove,proof,proof,9,35,9,38,8,11,0
0,prove,that,that,10,8,35,9,11,11,0
0,prove,he,he,11,11,8,35,11,5,0
0,prove,exists,exists,12,11,11,8,5,33,0
0,prove,.,.,13,5,11,11,33,15,0
0,prove,``,``,14,33,5,11,15,4,0
1,and,And,and,0,15,33,5,4,39,0
0,and,what,what,1,4,15,33,39,39,0
0,and,good,good,2,21,39,39,35,23,0
0,and,would,would,3,35,21,39,23,33,0
0,and,it,it,4,23,35,21,33,8,0
0,and,do,do,5,33,23,35,8,15,0
0,and,to,to,6,8,33,23,15,4,0
0,and,tell,tell,7,15,8,33,4,39,1
0,and,them,them,8,4,15,8,39,39,0
0,and,that,that,9,21,39,39,35,23,0
0,and,?,?,10,35,21,39,23,33,0
0,and,They,they,0,23,35,21,33,10,0
0,and,would,would,1,33,23,35,10,8,0
0,and,shrug,shrug,2,10,33,23,8,15,1
0,and,their,their,3,8,10,33,15,4,0
0,and,shoulders,shoulder,4,15,8,10,4,39,0
0,and,",",",",5,4,15,8,39,39,0
1,and,and,and,6,21,39,39,35,23,0
0,and,treat,treat,7,35,21,39,23,33,0
0,and,you,you,8,23,35,21,33,8,0
0,and,like,like,9,33,23,35,8,7,0
0,and,a,a,10,8,33,23,7,4,0
0,and,child,child,11,7,8,33,4,39,0
0,and,.,.,12,4,7,8,39,39,0
0,contrast,But,but,0,21,39,39,35,23,0
0,contrast,if,if,1,35,21,39,23,33,0
0,contrast,you,you,2,23,35,21,33,15,0
0,contrast,said,say,3,33,23,35,15,10,1
0,contrast,to,to,4,15,33,23,10,22,0
0,contrast,them,them,5,10,15,33,22,15,0
0,contrast,:,:,6,22,10,15,15,6,0
0,contrast,``,``,7,15,22,10,6,34,0
0,contrast,The,the,8,6,15,22,34,26,0
0,contrast,planet,planet,9,34,6,15,26,18,0
0,contrast,he,he,10,26,34,6,18,4,0
0,contrast,came,come,11,18,26,34,4,39,0
0,contrast,from,from,12,4,18,26,39,39,0
0,contrast,is,be,13,6,39,39,8,15,0
0,contrast,Asteroid,asteroid,14,8,6,39,15,21,0
0,contrast,B-612,b-612,15,15,8,6,21,35,0
0,contrast,",",",",16,21,15,8,35,10,0
0,contrast,``,``,17,35,21,15,10,6,0
0,contrast,then,then,18,10,35,21,6,10,0
0,contrast,they,they,19,6,10,35,10,3,0
0,contrast,would,would,20,10,6,10,3,23,0
0,contrast,be,be,21,3,10,6,23,10,0
0,contrast,convinced,convince,22,23,3,10,10,21,0
0,contrast,",",",",23,10,23,3,21,5,0
0,contrast,and,and,24,21,10,23,5,0,0
0,contrast,leave,leave,25,5,21,10,0,21,0
0,contrast,you,you,26,0,5,21,21,34,0
0,contrast,in,in,27,21,0,5,34,11,0
0,contrast,peace,peace,28,34,21,0,11,10,0
0,contrast,from,from,29,11,34,21,10,18,0
0,contrast,their,their,30,10,11,34,18,10,0
0,contrast,questions,question,31,18,10,11,10,15,0
0,contrast,.,.,32,10,18,10,15,4,0
0,resemble,They,they,0,15,10,18,4,0,0
0,resemble,are,be,1,4,15,10,0,6,0
0,resemble,like,like,2,0,4,15,6,10,0
0,resemble,that,that,3,6,0,4,10,35,0
0,resemble,.,.,4,10,6,0,35,21,0
0,obligate,One,one,0,35,10,6,21,30,0
0,obligate,must,must,1,21,35,10,30,26,0
0,obligate,not,not,2,30,21,35,26,10,0
0,obligate,hold,hold,3,26,30,21,10,15,0
0,obligate,it,it,4,10,26,30,15,4,0
0,obligate,against,against,5,15,10,26,4,39,0
0,obligate,them,them,6,4,15,10,39,39,0
0,obligate,.,.,7,6,39,39,21,35,0
0,recommend,Children,children,0,21,6,39,35,23,0
0,recommend,should,should,1,35,21,6,23,8,0
0,recommend,always,always,2,23,35,21,8,15,0
0,recommend,show,show,3,8,23,35,15,5,1
0,recommend,great,great,4,15,8,23,5,5,0
0,recommend,forbearance,forbearance,5,5,15,8,5,21,0
0,recommend,toward,toward,6,5,5,15,21,35,0
0,recommend,grown,grown,7,21,5,5,35,8,0
0,recommend,-,-,8,35,21,5,8,15,0
0,recommend,up,up,9,8,35,21,15,4,0
0,recommend,people,people,10,15,8,35,4,40,0
0,recommend,.,.,11,4,15,8,40,39,0
0,contrast,But,but,0,39,4,15,39,39,0
0,contrast,certainly,certainly,1,39,39,39,8,37,0
0,contrast,",",",",2,8,40,39,37,4,0
0,contrast,for,for,3,37,8,40,4,40,0
0,contrast,us,u,4,4,37,8,40,39,0
0,contrast,who,who,5,39,4,37,39,39,0
0,contrast,understand,understand,6,39,39,39,8,15,0
0,contrast,life,life,7,8,40,39,15,4,0
0,contrast,",",",",8,15,8,40,4,40,0
0,contrast,figures,figure,9,4,15,8,40,39,0
0,contrast,are,be,10,39,4,15,39,39,0
0,contrast,a,a,11,8,39,39,11,15,0
0,contrast,matter,matter,12,11,8,39,15,31,0
0,contrast,of,of,13,15,11,8,31,23,0
0,contrast,indifference,indifference,14,31,15,11,23,11,0
0,contrast,.,.,15,23,31,15,11,10,0
0,like,I,i,0,11,23,31,10,15,0
0,like,should,should,1,10,11,23,15,4,0
0,like,have,have,2,15,10,11,4,39,0
1,like,liked,like,3,4,15,10,39,39,0
0,like,to,to,4,39,39,39,8,18,0
0,like,begin,begin,5,8,40,39,18,34,1
0,like,this,this,6,18,8,40,34,33,0
0,like,story,story,7,34,18,8,33,32,0
0,like,in,in,8,33,34,18,32,18,0
0,like,the,the,9,32,33,34,18,10,0
0,like,fashion,fashion,10,18,32,33,10,18,0
0,like,of,of,11,10,18,32,18,10,0
0,like,the,the,12,18,10,18,10,18,0
0,like,fairy,fairy,13,10,18,10,18,4,0
0,like,-,-,14,18,10,18,4,39,0
0,like,tales,tale,15,4,18,10,39,39,0
0,like,.,.,16,10,39,39,18,10,0
0,like,I,i,0,18,10,39,10,18,0
0,like,should,should,1,10,18,10,18,8,0
0,like,have,have,2,18,10,18,8,15,0
1,like,like,like,3,8,18,10,15,34,0
0,like,to,to,4,15,8,18,34,33,0
0,like,say,say,5,34,15,8,33,32,1
0,like,:,:,6,33,34,15,32,21,0
0,like,``,``,7,32,33,34,21,23,0
0,like,Once,once,8,21,32,33,23,8,0
0,like,upon,upon,9,23,21,32,8,11,0
0,like,a,a,10,8,23,21,11,4,0
0,like,time,time,11,11,8,23,4,39,0
0,like,there,there,12,4,11,8,39,39,0
0,like,was,be,13,6,39,39,35,21,0
0,like,a,a,14,35,6,39,21,23,0
0,like,little,little,15,21,35,6,23,8,0
0,like,prince,prince,16,23,21,35,8,15,0
0,like,who,who,17,8,23,21,15,10,0
0,like,lived,live,18,15,8,23,10,15,0
0,like,on,on,19,10,15,8,15,28,0
0,like,a,a,20,15,10,15,28,30,0
0,like,planet,planet,21,28,15,10,30,28,0
0,like,that,that,22,30,28,15,28,30,0
0,like,was,be,23,28,30,28,30,38,0
0,like,scarcely,scarcely,24,30,28,30,38,8,0
0,like,any,any,25,38,30,28,8,18,0
0,like,bigger,big,26,8,38,30,18,34,0
0,like,than,than,27,18,8,38,34,28,0
0,like,himself,himself,28,34,18,8,28,23,0
0,like,",",",",29,28,34,18,23,11,0
0,like,and,and,30,23,28,34,11,15,0
0,like,who,who,31,11,23,28,15,28,0
0,like,had,have,32,15,11,23,28,30,0
0,like,need,need,33,28,15,11,30,18,0
0,like,of,of,34,30,28,15,18,36,0
0,like,a,a,35,18,30,28,36,34,0
0,like,sheep,sheep,36,36,18,30,34,23,0
0,like,...,...,37,34,36,18,23,10,0
0,like,``,``,38,23,34,36,10,8,0
0,give,To,to,0,10,23,34,8,15,0
0,give,those,those,1,8,10,23,15,28,0
0,give,who,who,2,15,8,10,28,21,0
0,give,understand,understand,3,28,15,8,21,4,0
0,give,life,life,4,21,28,15,4,39,0
0,give,",",",",5,4,21,28,39,39,0
0,give,that,that,6,35,39,39,8,15,0
0,give,would,would,7,8,35,39,15,10,0
0,give,have,have,8,15,8,35,10,8,0
1,give,given,give,9,10,15,8,8,15,0
0,give,a,a,10,8,10,15,15,6,0
0,give,much,much,11,15,8,10,6,8,0
0,give,greater,great,12,6,15,8,8,18,0
0,give,air,air,13,8,6,15,18,23,0
0,give,of,of,14,18,8,6,23,11,0
0,give,truth,truth,15,23,18,8,11,4,0
0,give,to,to,16,11,23,18,4,39,0
0,give,my,my,17,4,11,23,39,39,0
0,give,story,story,18,35,39,39,8,23,0
0,give,.,.,19,8,35,39,23,10,0
0,cause,For,for,0,23,8,35,10,12,0
0,cause,I,i,1,10,23,8,12,15,0
0,cause,do,do,2,12,10,23,15,10,0
0,cause,not,not,3,15,12,10,10,8,0
0,cause,want,want,4,10,15,12,8,11,1
0,cause,any,any,5,8,10,15,11,11,0
0,cause,one,one,6,11,8,10,11,5,0
0,cause,to,to,7,11,11,8,5,31,0
0,cause,read,read,8,5,11,11,31,15,0
0,cause,my,my,9,31,5,11,15,20,0
0,cause,book,book,10,15,31,5,20,18,0
0,cause,carelessly,carelessly,11,20,15,31,18,4,0
0,cause,.,.,12,18,20,15,4,39,0
0,suffer,I,i,0,4,18,20,39,39,0
0,suffer,have,have,1,6,39,39,10,21,0
1,suffer,suffered,suffer,2,10,6,39,21,34,1
0,suffer,too,too,3,21,10,6,34,5,0
0,suffer,much,much,4,34,21,10,5,5,0
0,suffer,grief,grief,5,5,34,21,5,21,0
0,suffer,in,in,6,5,5,34,21,3,0
0,suffer,setting,set,7,21,5,5,3,21,0
0,suffer,down,down,8,3,21,5,21,5,0
0,suffer,these,these,9,21,3,21,5,5,0
0,suffer,memories,memory,10,5,21,3,5,7,0
0,suffer,.,.,11,5,5,21,7,15,0
0,go,Six,six,0,7,5,5,15,36,0
0,go,years,year,1,15,7,5,36,35,0
0,go,have,have,2,36,15,7,35,11,0
0,go,already,already,3,35,36,15,11,10,0
0,go,passed,pass,4,11,35,36,10,8,0
0,go,since,since,5,10,11,35,8,15,0
0,go,my,my,6,8,10,11,15,3,0
0,go,friend,friend,7,15,8,10,3,36,0
1,go,went,go,8,3,15,8,36,35,0
0,go,away,away,9,36,3,15,35,23,0
0,go,from,from,10,35,36,3,23,6,0
0,go,me,me,11,23,35,36,6,10,0
0,go,",",",",12,6,23,35,10,22,0
0,go,with,with,13,10,6,23,22,15,0
0,go,his,his,14,22,10,6,15,3,0
0,go,sheep,sheep,15,15,22,10,3,6,0
0,go,.,.,16,3,15,22,6,36,0
0,ensure,If,if,0,6,3,15,36,7,0
0,ensure,I,i,1,36,6,3,7,11,0
0,ensure,try,try,2,7,36,6,11,15,1
0,ensure,to,to,3,11,7,36,15,14,0
0,ensure,describe,describe,4,15,11,7,14,30,1
0,ensure,him,him,5,14,15,11,30,10,0
0,ensure,here,here,6,30,14,15,10,8,0
0,ensure,",",",",7,10,30,14,8,11,0
0,ensure,it,it,8,8,10,30,11,15,0
0,ensure,is,be,9,11,8,10,15,8,0
0,ensure,to,to,10,15,11,8,8,15,0
0,ensure,make,make,11,8,15,11,15,3,0
0,ensure,sure,sure,12,15,8,15,3,10,0
0,ensure,that,that,13,3,15,8,10,23,0
0,ensure,I,i,14,10,3,15,23,32,0
0,ensure,shall,shall,15,23,10,3,32,37,0
0,ensure,not,not,16,32,23,10,37,21,0
0,ensure,forget,forget,17,37,32,23,21,35,0
0,ensure,him,him,18,21,37,32,35,32,0
0,ensure,.,.,19,35,21,37,32,5,0
0,sad,To,to,0,32,35,21,5,5,0
0,sad,forget,forget,1,5,32,35,5,29,1
0,sad,a,a,2,5,5,32,29,4,0
0,sad,friend,friend,3,29,5,5,4,39,0
0,sad,is,be,4,4,29,5,39,39,0
1,sad,sad,sad,5,21,39,39,34,8,0
0,sad,.,.,6,34,21,39,8,35,0
0,have,Not,not,0,8,34,21,35,23,0
0,have,every,every,1,35,8,34,23,11,0
0,have,one,one,2,23,35,8,11,4,0
1,have,has,have,3,11,23,35,4,40,0
0,have,had,have,4,4,11,23,40,39,0
0,have,a,a,5,39,4,11,39,39,0
0,have,friend,friend,6,22,39,39,15,31,0
0,have,.,.,7,15,22,39,31,10,0
1,and,And,and,0,31,15,22,10,11,0
0,and,if,if,1,10,31,15,11,28,0
0,and,I,i,2,11,10,31,28,30,0
0,and,forget,forget,3,28,11,10,30,10,0
0,and,him,him,4,30,28,11,10,21,0
0,and,",",",",5,10,30,28,21,31,0
0,and,I,i,6,21,10,30,31,5,0
0,and,may,may,7,31,21,10,5,40,0
0,and,become,become,8,5,31,21,40,10,0
0,and,like,like,9,39,5,31,10,8,0
0,and,the,the,10,10,40,5,8,7,0
0,and,grown,grown,11,8,10,40,7,35,0
0,and,-,-,12,7,8,10,35,8,0
0,and,ups,ups,13,35,7,8,8,15,0
0,and,who,who,14,8,35,7,15,3,0
0,and,are,be,15,15,8,35,3,10,0
0,and,no,no,16,3,15,8,10,36,0
0,and,longer,longer,17,10,3,15,36,23,0
0,and,interested,interested,18,36,10,3,23,7,0
0,and,in,in,19,23,36,10,7,11,0
0,and,anything,anything,20,7,23,36,11,15,0
0,and,but,but,21,11,7,23,15,18,0
0,and,figures,figure,22,15,11,7,18,10,0
0,and,...,...,23,18,15,11,10,19,0
0,buy,It,it,0,10,18,15,19,8,0
0,buy,is,be,1,19,10,18,8,18,0
0,buy,for,for,2,8,19,10,18,6,0
0,buy,that,that,3,18,8,19,6,18,0
0,buy,purpose,purpose,4,6,18,8,18,10,0
0,buy,",",",",5,18,6,18,10,18,0
0,buy,again,again,6,10,18,6,18,3,0
0,buy,",",",",7,18,10,18,3,21,0
0,buy,that,that,8,3,18,10,21,35,0
0,buy,I,i,9,21,3,18,35,11,0
0,buy,have,have,10,35,21,3,11,28,0
0,buy,bought,bought,11,11,35,21,28,30,0
0,buy,a,a,12,28,11,35,30,21,0
0,buy,box,box,13,30,28,11,21,11,0
0,buy,of,of,14,21,30,28,11,23,0
0,buy,paints,paint,15,11,21,30,23,28,0
0,buy,and,and,16,23,11,21,28,30,0
0,buy,some,some,17,28,23,11,30,10,0
0,buy,pencils,pencil,18,30,28,23,10,8,0
0,buy,.,.,19,10,30,28,8,18,0
0,hard,It,it,0,8,10,30,18,4,0
0,hard,is,be,1,18,8,10,4,39,0
1,hard,hard,hard,2,4,18,8,39,39,0
0,hard,to,to,3,21,39,39,14,30,0
0,hard,take,take,4,14,21,39,30,28,0
0,hard,up,up,5,30,14,21,28,21,0
0,hard,drawing,draw,6,28,30,14,21,3,0
0,hard,again,again,7,21,28,30,3,0,0
0,hard,at,at,8,3,21,28,0,16,0
0,hard,my,my,9,0,3,21,16,3,0
0,hard,age,age,10,16,0,3,3,22,0
0,hard,",",",",11,3,16,0,22,15,0
0,hard,when,when,12,22,3,16,15,35,0
0,hard,I,i,13,15,22,3,35,23,0
0,hard,have,have,14,35,15,22,23,5,0
0,hard,never,never,15,23,35,15,5,20,0
0,hard,made,make,16,5,23,35,20,6,0
0,hard,any,any,17,20,5,23,6,10,0
0,hard,pictures,picture,18,6,20,5,10,8,0
0,hard,except,except,19,10,6,20,8,15,0
0,hard,those,those,20,8,10,6,15,35,0
0,hard,of,of,21,15,8,10,35,8,0
0,hard,the,the,22,35,15,8,8,15,0
0,hard,boa,boa,23,8,35,15,15,3,0
0,hard,constrictor,constrictor,24,15,8,35,3,10,0
0,hard,from,from,25,3,15,8,10,7,0
0,hard,the,the,26,10,3,15,7,15,0
0,hard,outside,outside,27,7,10,3,15,19,0
0,hard,and,and,28,15,7,10,19,22,0
0,hard,the,the,29,19,15,7,22,18,0
0,hard,boa,boa,30,22,19,15,18,14,0
0,hard,constrictor,constrictor,31,18,22,19,14,30,0
0,hard,from,from,32,14,18,22,30,33,0
0,hard,the,the,33,30,14,18,33,5,0
0,hard,inside,inside,34,33,30,14,5,39,0
0,hard,",",",",35,5,33,30,39,39,0
0,hard,since,since,36,6,39,39,21,34,0
0,hard,I,i,37,21,6,39,34,8,0
0,hard,was,be,38,34,21,6,8,35,0
0,hard,six,six,39,8,34,21,35,23,0
0,hard,.,.,40,35,8,34,23,11,0
0,try,I,i,0,23,35,8,11,4,0
0,try,shall,shall,1,11,23,35,4,40,0
0,try,certainly,certainly,2,4,11,23,40,39,0
1,try,try,try,3,39,4,11,39,39,0
0,try,to,to,4,21,39,39,14,23,0
0,try,make,make,5,14,21,39,23,30,0
0,try,my,my,6,23,14,21,30,15,0
0,try,portraits,portrait,7,30,23,14,15,12,0
0,try,as,a,8,15,30,23,12,4,0
0,try,TRUE,TRUE,9,12,15,30,4,39,0
0,try,to,to,10,4,12,15,39,39,0
0,try,life,life,11,22,39,39,18,31,0
0,try,as,a,12,18,22,39,31,33,0
0,try,possible,possible,13,31,18,22,33,10,0
0,try,.,.,14,33,31,18,10,32,0
0,contrast,But,but,0,10,33,31,32,4,0
0,contrast,I,i,1,32,10,33,4,39,0
0,contrast,am,be,2,4,32,10,39,39,0
0,contrast,not,not,3,8,39,39,15,31,0
0,contrast,at,at,4,15,8,39,31,33,0
0,contrast,all,all,5,31,15,8,33,4,0
0,contrast,sure,sure,6,33,31,15,4,39,0
0,contrast,of,of,7,4,33,31,39,39,0
0,contrast,success,success,8,21,39,39,31,33,0
0,contrast,.,.,9,31,21,39,33,22,0
0,and,One,one,0,33,31,21,22,18,0
0,and,drawing,draw,1,22,33,31,18,15,1
0,and,goes,go,2,18,22,33,15,10,0
0,and,along,along,3,15,18,22,10,22,0
0,and,all,all,4,10,15,18,22,18,0
0,and,right,right,5,22,10,15,18,4,0
0,and,",",",",6,18,22,10,4,39,0
1,and,and,and,7,4,18,22,39,39,0
0,and,another,another,8,10,39,39,37,15,0
0,and,has,have,9,37,10,39,15,23,0
0,and,no,no,10,15,37,10,23,31,0
0,and,resemblance,resemblance,11,23,15,37,31,22,0
0,and,to,to,12,31,23,15,22,15,0
0,and,its,it,13,22,31,23,15,3,0
0,and,subject,subject,14,15,22,31,3,22,0
0,and,.,.,15,3,15,22,22,15,0
0,err,I,i,0,22,3,15,15,3,0
0,err,make,make,1,15,22,3,3,6,0
0,err,some,some,2,3,15,22,6,23,0
0,err,errors,error,3,6,3,15,23,3,0
0,err,",",",",4,23,6,3,3,6,0
0,err,too,too,5,3,23,6,6,15,0
0,err,",",",",6,6,3,23,15,4,0
0,err,in,in,7,15,6,3,4,39,0
0,err,the,the,8,4,15,6,39,39,0
0,err,little,little,9,10,39,39,7,15,0
0,err,prince,prince,10,7,10,39,15,3,0
0,err,'s,'s,11,15,7,10,3,7,0
0,err,height,height,12,3,15,7,7,15,0
0,err,:,:,13,7,3,15,15,3,0
0,err,in,in,14,15,7,3,3,22,0
0,err,one,one,15,3,15,7,22,15,0
0,err,place,place,16,22,3,15,15,3,0
0,err,he,he,17,15,22,3,3,8,0
0,err,is,be,18,3,15,22,8,16,0
0,err,too,too,19,8,3,15,16,3,0
0,err,tall,tall,20,16,8,3,3,9,0
0,err,and,and,21,3,16,8,9,31,0
0,err,in,in,22,9,3,16,31,8,0
0,err,another,another,23,31,9,3,8,11,0
0,err,too,too,24,8,31,9,11,15,0
0,err,short,short,25,11,8,31,15,28,0
0,err,.,.,26,15,11,8,28,30,0
1,and,And,and,0,28,15,11,30,33,0
0,and,I,i,1,30,28,15,33,4,0
0,and,feel,feel,2,33,30,28,4,39,0
0,and,some,some,3,4,33,30,39,39,0
0,and,doubts,doubt,4,21,39,39,31,21,0
0,and,about,about,5,31,21,39,21,10,0
0,and,the,the,6,21,31,21,10,22,0
0,and,color,color,7,10,21,31,22,18,0
0,and,of,of,8,22,10,21,18,3,0
0,and,his,his,9,18,22,10,3,6,0
0,and,costume,costume,10,3,18,22,6,31,0
0,and,.,.,11,6,3,18,31,21,0
0,cause,So,so,0,31,6,3,21,4,0
0,cause,I,i,1,21,31,6,4,39,0
0,cause,fumble,fumble,2,4,21,31,39,39,0
0,cause,along,along,3,21,39,39,31,28,0
0,cause,as,a,4,31,21,39,28,21,0
0,cause,best,best,5,28,31,21,21,5,0
0,cause,I,i,6,21,28,31,5,40,0
0,cause,can,can,7,5,21,28,40,8,0
0,cause,",",",",8,39,5,21,8,15,0
0,cause,now,now,9,8,40,5,15,10,0
0,cause,good,good,10,15,8,40,10,21,0
0,cause,",",",",11,10,15,8,21,34,0
0,cause,now,now,12,21,10,15,34,35,0
0,cause,bad,bad,13,34,21,10,35,23,0
0,cause,",",",",14,35,34,21,23,10,0
0,cause,and,and,15,23,35,34,10,15,0
0,cause,I,i,16,10,23,35,15,4,0
0,cause,hope,hope,17,15,10,23,4,39,0
0,cause,generally,generally,18,4,15,10,39,39,0
0,cause,fair,fair,19,21,39,39,14,30,0
0,cause,-,-,20,14,21,39,30,21,0
0,cause,to,to,21,30,14,21,21,8,0
0,cause,-,-,22,21,30,14,8,15,0
0,cause,middling,middle,23,8,21,30,15,10,0
0,cause,.,.,24,15,8,21,10,22,0
0,mistake,In,in,0,10,15,8,22,15,0
0,mistake,certain,certain,1,22,10,15,15,4,0
0,mistake,more,more,2,15,22,10,4,39,0
0,mistake,important,important,3,4,15,22,39,39,0
0,mistake,details,detail,4,21,39,39,14,30,0
0,mistake,I,i,5,14,21,39,30,21,0
0,mistake,shall,shall,6,30,14,21,21,8,0
0,mistake,make,make,7,21,30,14,8,32,0
1,mistake,mistakes,mistake,8,8,21,30,32,28,0
0,mistake,",",",",9,32,8,21,28,30,0
0,mistake,also,also,10,28,32,8,30,26,0
0,mistake,.,.,11,30,28,32,26,22,0
0,contrast,But,but,0,26,30,28,22,15,0
0,contrast,that,that,1,22,26,30,15,4,0
0,contrast,is,be,2,15,22,26,4,39,0
0,contrast,something,something,3,4,15,22,39,39,0
0,contrast,that,that,4,21,39,39,14,5,0
0,contrast,will,will,5,14,21,39,5,5,0
0,contrast,not,not,6,5,14,21,5,40,0
0,contrast,be,be,7,5,5,14,40,39,0
0,contrast,my,my,8,39,5,5,39,39,0
0,contrast,fault,fault,9,21,39,39,31,23,0
0,contrast,.,.,10,31,21,39,23,30,0
0,explain,My,my,0,23,31,21,30,37,0
0,explain,friend,friend,1,30,23,31,37,28,0
0,explain,never,never,2,37,30,23,28,30,0
1,explain,explained,explain,3,28,37,30,30,28,0
0,explain,anything,anything,4,30,28,37,28,21,0
0,explain,to,to,5,28,30,28,21,4,0
0,explain,me,me,6,21,28,30,4,39,0
0,explain,.,.,7,4,21,28,39,39,0
0,think,He,he,0,21,39,39,31,23,0
0,think,thought,thought,1,31,21,39,23,6,0
0,think,",",",",2,23,31,21,6,32,0
0,think,perhaps,perhaps,3,6,23,31,32,4,0
0,think,",",",",4,32,6,23,4,39,0
0,think,that,that,5,4,32,6,39,39,0
0,think,I,i,6,21,39,39,31,23,0
0,think,was,be,7,31,21,39,23,30,0
0,think,like,like,8,23,31,21,30,38,0
0,think,himself,himself,9,30,23,31,38,21,0
0,think,.,.,10,38,30,23,21,14,0
0,contrast,But,but,0,21,38,30,14,30,0
0,contrast,I,i,1,14,21,38,30,21,0
0,contrast,",",",",2,30,14,21,21,3,0
0,contrast,alas,ala,3,21,30,14,3,38,0
0,contrast,",",",",4,3,21,30,38,21,0
0,contrast,do,do,5,38,3,21,21,14,0
0,contrast,not,not,6,21,38,3,14,30,0
0,contrast,know,know,7,14,21,38,30,21,0
0,contrast,how,how,8,30,14,21,21,6,0
0,contrast,to,to,9,21,30,14,6,30,0
0,contrast,see,see,10,6,21,30,30,10,0
0,contrast,sheep,sheep,11,30,6,21,10,15,0
0,contrast,through,through,12,10,30,6,15,10,0
0,contrast,the,the,13,15,10,30,10,15,0
0,contrast,walls,wall,14,10,15,10,15,10,0
0,contrast,of,of,15,15,10,15,10,21,0
0,contrast,boxes,box,16,10,15,10,21,23,0
0,contrast,.,.,17,21,10,15,23,24,0
0,resemble,Perhaps,perhaps,0,23,21,10,24,4,0
0,resemble,I,i,1,24,23,21,4,39,0
0,resemble,am,be,2,4,24,23,39,39,0
0,resemble,a,a,3,21,39,39,35,11,0
0,resemble,little,little,4,35,21,39,11,8,0
0,resemble,like,like,5,11,35,21,8,11,0
0,resemble,the,the,6,8,11,35,11,15,0
0,resemble,grown,grown,7,11,8,11,15,3,0
0,resemble,-,-,8,15,11,8,3,8,0
0,resemble,ups,ups,9,3,15,11,8,15,0
0,resemble,.,.,10,8,3,15,15,10,0
0,obligate,I,i,0,15,8,3,10,18,0
0,obligate,have,have,1,10,15,8,18,4,0
0,obligate,had,have,2,18,10,15,4,39,0
0,obligate,to,to,3,4,18,10,39,39,0
0,obligate,grow,grow,4,15,39,39,7,4,1
0,obligate,old,old,5,7,15,39,4,39,0
0,obligate,.,.,6,4,7,15,39,39,0
1,chapter,Chapter,chapter,0,21,39,39,23,31,1
0,chapter,5,5,1,23,21,39,31,28,0
0,chapter,.,.,2,31,23,21,28,30,0
0,learn,As,as,0,28,31,23,30,8,0
0,learn,each,each,1,30,28,31,8,15,0
0,learn,day,day,2,8,30,28,15,24,0
0,learn,passed,pass,3,15,8,30,24,4,0
0,learn,I,i,4,24,15,8,4,39,0
0,learn,would,would,5,4,24,15,39,39,0
1,learn,learn,learn,6,10,39,39,8,11,0
0,learn,",",",",7,8,10,39,11,15,0
0,learn,in,in,8,11,8,10,15,20,0
0,learn,our,our,9,15,11,8,20,15,0
0,learn,talk,talk,10,20,15,11,15,8,0
0,learn,",",",",11,15,20,15,8,18,0
0,learn,something,something,12,8,15,20,18,31,0
0,learn,about,about,13,18,8,15,31,23,0
0,learn,the,the,14,31,18,8,23,33,0
0,learn,little,little,15,23,31,18,33,23,0
0,learn,prince,prince,16,33,23,31,23,11,0
0,learn,'s,'s,17,23,33,23,11,4,0
0,learn,planet,planet,18,11,23,33,4,39,0
0,learn,",",",",19,4,11,23,39,39,0
0,learn,his,his,20,21,39,39,31,23,0
0,learn,departure,departure,21,31,21,39,23,7,0
0,learn,from,from,22,23,31,21,7,15,0
0,learn,it,it,23,7,23,31,15,10,0
0,learn,",",",",24,15,7,23,10,18,0
0,learn,his,his,25,10,15,7,18,5,0
0,learn,journey,journey,26,18,10,15,5,21,0
0,learn,.,.,27,5,18,10,21,31,0
0,come,The,the,0,21,5,18,31,26,0
0,come,information,information,1,31,21,5,26,8,0
0,come,would,would,2,26,31,21,8,15,0
1,come,come,come,3,8,26,31,15,10,0
0,come,very,very,4,15,8,26,10,8,0
0,come,slowly,slowly,5,10,15,8,8,5,0
0,come,",",",",6,8,10,15,5,21,0
0,come,as,a,7,5,8,10,21,31,0
0,come,it,it,8,21,5,8,31,8,0
0,come,might,might,9,31,21,5,8,15,0
0,come,chance,chance,10,8,31,21,15,28,0
0,come,to,to,11,15,8,31,28,15,0
0,come,fall,fall,12,28,15,8,15,4,0
0,come,from,from,13,15,28,15,4,39,0
0,come,his,his,14,4,15,28,39,39,0
0,come,thoughts,thought,15,7,39,39,15,21,0
0,come,.,.,16,15,7,39,21,14,0
0,hear,It,it,0,21,15,7,14,30,0
0,hear,was,be,1,14,21,15,30,10,0
0,hear,in,in,2,30,14,21,10,8,0
0,hear,this,this,3,10,30,14,8,15,0
0,hear,way,way,4,8,10,30,15,3,0
0,hear,that,that,5,15,8,10,3,6,0
0,hear,I,i,6,3,15,8,6,10,0
0,hear,heard,heard,7,6,3,15,10,15,0
0,hear,",",",",8,10,6,3,15,21,0
0,hear,on,on,9,15,10,6,21,14,0
0,hear,the,the,10,21,15,10,14,30,0
0,hear,third,third,11,14,21,15,30,33,0
0,hear,day,day,12,30,14,21,33,23,0
0,hear,",",",",13,33,30,14,23,23,0
0,hear,about,about,14,23,33,30,23,4,0
0,hear,the,the,15,23,23,33,4,39,0
0,hear,catastrophe,catastrophe,16,4,23,23,39,39,0
0,hear,of,of,17,6,39,39,7,15,0
0,hear,the,the,18,7,6,39,15,3,0
0,hear,baobabs,baobab,19,15,7,6,3,10,0
0,hear,.,.,20,3,15,7,10,8,0
0,obligate,This,this,0,10,3,15,8,15,0
0,obligate,time,time,1,8,10,3,15,33,0
0,obligate,",",",",2,15,8,10,33,10,0
0,obligate,once,once,3,33,15,8,10,8,0
0,obligate,more,more,4,10,33,15,8,7,0
0,obligate,",",",",5,8,10,33,7,15,0
0,obligate,I,i,6,7,8,10,15,38,0
0,obligate,had,have,7,15,7,8,38,3,0
0,obligate,the,the,8,38,15,7,3,8,0
0,obligate,sheep,sheep,9,3,38,15,8,11,0
0,obligate,to,to,10,8,3,38,11,15,0
0,obligate,thank,thank,11,11,8,3,15,31,0
0,obligate,for,for,12,15,11,8,31,33,0
0,obligate,it,it,13,31,15,11,33,26,0
0,obligate,.,.,14,33,31,15,26,5,0
0,ask,For,for,0,26,33,31,5,6,0
0,ask,the,the,1,5,26,33,6,8,0
0,ask,little,little,2,6,5,26,8,11,0
0,ask,prince,prince,3,8,6,5,11,15,0
1,ask,asked,ask,4,11,8,6,15,31,1
0,ask,me,me,5,15,11,8,31,33,0
0,ask,abruptly,abruptly,6,31,15,11,33,23,0
0,ask,--,--,7,33,31,15,23,23,0
0,ask,as,a,8,23,33,31,23,10,0
0,ask,if,if,9,23,23,33,10,8,0
0,ask,seized,seize,10,10,23,23,8,11,0
0,ask,by,by,11,8,10,23,11,15,0
0,ask,a,a,12,11,8,10,15,36,0
0,ask,grave,grave,13,15,11,8,36,31,0
0,ask,doubt,doubt,14,36,15,11,31,23,0
0,ask,--,--,15,31,36,15,23,10,0
0,ask,``,``,16,23,31,36,10,8,0
0,ask,It,it,17,10,23,31,8,11,0
0,ask,is,be,18,8,10,23,11,11,0
0,ask,TRUE,TRUE,19,11,8,10,11,18,0
0,ask,",",",",20,11,11,8,18,10,0
0,ask,is,be,21,18,11,11,10,22,0
0,ask,n't,n't,22,10,18,11,22,15,0
0,ask,it,it,23,22,10,18,15,4,0
0,ask,",",",",24,15,22,10,4,39,0
0,ask,that,that,25,4,15,22,39,39,0
0,ask,sheep,sheep,26,21,39,39,14,3,0
0,ask,eat,eat,27,14,21,39,3,21,0
0,ask,little,little,28,3,14,21,21,34,0
0,ask,bushes,bush,29,21,3,14,34,3,0
0,ask,?,?,30,34,21,3,3,34,0
0,ask,``,``,31,3,34,21,34,33,0
0,TRUE,``,``,0,34,3,34,33,8,0
0,TRUE,Yes,yes,1,33,34,3,8,11,0
0,TRUE,",",",",2,8,33,34,11,15,0
0,TRUE,that,that,3,11,8,33,15,10,0
0,TRUE,is,be,4,15,11,8,10,15,0
1,TRUE,TRUE,TRUE,5,10,15,11,15,4,0
0,TRUE,.,.,6,15,10,15,4,39,0
0,TRUE,``,``,7,4,15,10,39,39,0
0,ah,``,``,0,8,39,39,15,23,0
1,ah,Ah,ah,1,15,8,39,23,31,0
0,ah,!,!,2,23,15,8,31,32,0
0,glad,I,i,0,31,23,15,32,3,0
0,glad,am,be,1,32,31,23,3,6,0
1,glad,glad,glad,2,3,32,31,6,31,0
0,glad,!,!,3,6,3,32,31,28,0
0,glad,``,``,4,31,6,3,28,30,0
0,understand,I,i,0,28,31,6,30,11,0
0,understand,did,do,1,30,28,31,11,28,0
0,understand,not,not,2,11,30,28,28,30,0
1,understand,understand,understand,3,28,11,30,30,8,0
0,understand,why,why,4,30,28,11,8,15,0
0,understand,it,it,5,8,30,28,15,4,0
0,understand,was,be,6,15,8,30,4,39,0
0,understand,so,so,7,4,15,8,39,39,0
0,understand,important,important,8,8,39,39,11,15,0
0,understand,that,that,9,11,8,39,15,3,0
0,understand,sheep,sheep,10,15,11,8,3,37,0
0,understand,should,should,11,3,15,11,37,31,0
0,understand,eat,eat,12,37,3,15,31,11,0
0,understand,little,little,13,31,37,3,11,10,0
0,understand,bushes,bush,14,11,31,37,10,8,0
0,understand,.,.,15,10,11,31,8,11,0
0,contrast,But,but,0,8,10,11,11,15,0
0,contrast,the,the,1,11,8,10,15,10,0
0,contrast,little,little,2,15,11,8,10,8,0
0,contrast,prince,prince,3,10,15,11,8,11,0
0,contrast,added,add,4,8,10,15,11,15,1
0,contrast,:,:,5,11,8,10,15,3,0
0,contrast,``,``,6,15,11,8,3,31,0
0,contrast,Then,then,7,3,15,11,31,10,0
0,contrast,it,it,8,31,3,15,10,10,0
0,contrast,follows,follow,9,10,31,3,10,8,0
0,contrast,that,that,10,10,10,31,8,8,0
0,contrast,they,they,11,8,10,10,8,15,0
0,contrast,also,also,12,8,8,10,15,10,0
0,contrast,eat,eat,13,15,8,8,10,11,0
0,contrast,baobabs,baobab,14,10,15,8,11,15,0
0,contrast,?,?,15,11,10,15,15,14,0
0,contrast,``,``,16,15,11,10,14,30,0
0,pointout,I,i,0,14,15,11,30,10,0
0,pointout,pointed,point,1,30,14,15,10,21,0
0,pointout,out,out,2,10,30,14,21,4,0
0,pointout,to,to,3,21,10,30,4,39,0
0,pointout,the,the,4,4,21,10,39,39,0
0,pointout,little,little,5,6,39,39,8,15,0
0,pointout,prince,prince,6,8,6,39,15,31,0
0,pointout,that,that,7,15,8,6,31,23,0
0,pointout,baobabs,baobab,8,31,15,8,23,33,0
0,pointout,were,be,9,23,31,15,33,28,0
0,pointout,not,not,10,33,23,31,28,30,0
0,pointout,little,little,11,28,33,23,30,8,0
0,pointout,bushes,bush,12,30,28,33,8,18,0
0,pointout,",",",",13,8,30,28,18,10,0
0,pointout,but,but,14,18,8,30,10,22,0
0,pointout,",",",",15,10,18,8,22,15,0
0,pointout,on,on,16,22,10,18,15,10,0
0,pointout,the,the,17,15,22,10,10,8,0
0,pointout,contrary,contrary,18,10,15,22,8,15,0
0,pointout,",",",",19,8,10,15,15,10,0
0,pointout,trees,tree,20,15,8,10,10,22,0
0,pointout,as,a,21,10,15,8,22,11,0
0,pointout,big,big,22,22,10,15,11,15,0
0,pointout,as,a,23,11,22,10,15,4,0
0,pointout,castles,castle,24,15,11,22,4,39,0
0,pointout,;,;,25,4,15,11,39,39,0
0,pointout,and,and,26,21,39,39,31,21,0
0,pointout,that,that,27,31,21,39,21,15,0
0,pointout,even,even,28,21,31,21,15,10,0
0,pointout,if,if,29,15,21,31,10,8,0
0,pointout,he,he,30,10,15,21,8,13,0
0,pointout,took,take,31,8,10,15,13,15,0
0,pointout,a,a,32,13,8,10,15,4,0
0,pointout,whole,whole,33,15,13,8,4,39,0
0,pointout,herd,herd,34,4,15,13,39,39,0
0,pointout,of,of,35,21,39,39,31,21,0
0,pointout,elephants,elephant,36,31,21,39,21,18,0
0,pointout,away,away,37,21,31,21,18,7,0
0,pointout,with,with,38,18,21,31,7,10,0
0,pointout,him,him,39,7,18,21,10,7,0
0,pointout,",",",",40,10,7,18,7,4,0
0,pointout,the,the,41,7,10,7,4,39,0
0,pointout,herd,herd,42,4,7,10,39,39,0
0,pointout,would,would,43,21,39,39,31,23,0
0,pointout,not,not,44,31,21,39,23,30,0
0,pointout,eat,eat,45,23,31,21,30,28,0
0,pointout,up,up,46,30,23,31,28,30,0
0,pointout,one,one,47,28,30,23,30,26,0
0,pointout,single,single,48,30,28,30,26,10,0
0,pointout,baobab,baobab,49,26,30,28,10,8,0
0,pointout,.,.,50,10,26,30,8,15,0
0,make,The,the,0,8,10,26,15,8,0
0,make,idea,idea,1,15,8,10,8,31,0
0,make,of,of,2,8,15,8,31,3,0
0,make,the,the,3,31,8,15,3,10,0
0,make,herd,herd,4,3,31,8,10,8,0
0,make,of,of,5,10,3,31,8,15,0
0,make,elephants,elephant,6,8,10,3,15,18,0
1,make,made,make,7,15,8,10,18,4,0
0,make,the,the,8,18,15,8,4,39,0
0,make,little,little,9,4,18,15,39,39,0
0,make,prince,prince,10,21,39,39,31,23,0
0,make,laugh,laugh,11,31,21,39,23,10,0
0,make,.,.,12,23,31,21,10,8,0
0,say,``,``,0,10,23,31,8,11,0
0,say,We,we,1,8,10,23,11,15,0
0,say,would,would,2,11,8,10,15,10,0
0,say,have,have,3,15,11,8,10,22,0
0,say,to,to,4,10,15,11,22,15,0
0,say,put,put,5,22,10,15,15,10,0
0,say,them,them,6,15,22,10,10,21,0
0,say,one,one,7,10,15,22,21,31,0
0,say,on,on,8,21,10,15,31,28,0
0,say,top,top,9,31,21,10,28,30,0
0,say,of,of,10,28,31,21,30,4,0
0,say,the,the,11,30,28,31,4,39,0
0,say,other,other,12,4,30,28,39,39,0
0,say,",",",",13,29,39,39,3,29,0
0,say,``,``,14,3,29,39,29,4,0
0,say,he,he,15,29,3,29,4,39,0
1,say,said,say,16,4,29,3,39,39,1
0,say,.,.,17,21,39,39,31,8,0
0,contrast,But,but,0,31,21,39,8,11,0
0,contrast,he,he,1,8,31,21,11,15,0
0,contrast,made,make,2,11,8,31,15,4,0
0,contrast,a,a,3,15,11,8,4,39,0
0,contrast,wise,wise,4,4,15,11,39,39,0
0,contrast,comment,comment,5,6,39,39,22,11,1
0,contrast,:,:,6,22,6,39,11,15,0
0,contrast,``,``,7,11,22,6,15,33,0
0,contrast,Before,before,8,15,11,22,33,10,0
0,contrast,they,they,9,33,15,11,10,18,0
0,contrast,grow,grow,10,10,33,15,18,6,0
0,contrast,so,so,11,18,10,33,6,18,0
0,contrast,big,big,12,6,18,10,18,4,0
0,contrast,",",",",13,18,6,18,4,39,0
0,contrast,the,the,14,4,18,6,39,39,0
0,contrast,baobabs,baobab,15,23,39,39,7,15,0
0,contrast,start,start,16,7,23,39,15,3,0
0,contrast,out,out,17,15,7,23,3,23,0
0,contrast,by,by,18,3,15,7,23,10,0
0,contrast,being,be,19,23,3,15,10,15,0
0,contrast,little,little,20,10,23,3,15,3,0
0,contrast,.,.,21,15,10,23,3,21,0
0,contrast,``,``,22,3,15,10,21,23,0
0,correct,``,``,0,21,3,15,23,31,0
0,correct,That,that,1,23,21,3,31,21,0
0,correct,is,be,2,31,23,21,21,4,0
0,correct,strictly,strictly,3,21,31,23,4,39,0
1,correct,correct,correct,4,4,21,31,39,39,0
0,correct,",",",",5,6,39,39,3,10,0
0,correct,``,``,6,3,6,39,10,32,0
0,say,I,i,0,10,3,6,32,10,0
1,say,said,say,1,32,10,3,10,19,1
0,say,.,.,2,10,32,10,19,8,0
0,contrast,``,``,0,19,10,32,8,32,0
0,contrast,But,but,1,8,19,10,32,15,0
0,contrast,why,why,2,32,8,19,15,3,0
0,contrast,do,do,3,15,32,8,3,21,0
0,contrast,you,you,4,3,15,32,21,31,0
0,contrast,want,want,5,21,3,15,31,6,0
0,contrast,the,the,6,31,21,3,6,31,0
0,contrast,sheep,sheep,7,6,31,21,31,5,0
0,contrast,to,to,8,31,6,31,5,40,0
0,contrast,eat,eat,9,5,31,6,40,29,0
0,contrast,the,the,10,39,5,31,29,4,0
0,contrast,little,little,11,29,40,5,4,39,0
0,contrast,baobabs,baobab,12,4,29,40,39,39,0
0,contrast,?,?,13,21,39,39,34,23,0
0,contrast,``,``,14,34,21,39,23,34,0
0,answer,He,he,0,23,34,21,34,4,0
1,answer,answered,answer,1,34,23,34,4,39,1
0,answer,me,me,2,4,34,23,39,39,0
0,answer,at,at,3,21,39,39,34,10,0
0,answer,once,once,4,34,21,39,10,21,0
0,answer,",",",",5,10,34,21,21,14,0
0,answer,``,``,6,21,10,34,14,30,0
0,answer,Oh,oh,7,14,21,10,30,21,0
0,answer,",",",",8,30,14,21,21,4,0
0,answer,come,come,9,21,30,14,4,39,0
0,answer,",",",",10,4,21,30,39,39,0
0,answer,come,come,11,22,39,39,18,34,0
0,answer,!,!,12,18,22,39,34,23,0
0,answer,``,``,13,34,18,22,23,8,0
0,answer,",",",",14,23,34,18,8,31,0
0,answer,as,a,15,8,23,34,31,5,0
0,answer,if,if,16,31,8,23,5,40,0
0,answer,he,he,17,5,31,8,40,39,0
0,answer,were,be,18,39,5,31,39,39,0
0,answer,speaking,speak,19,6,39,39,8,11,0
0,answer,of,of,20,8,6,39,11,15,0
0,answer,something,something,21,11,8,6,15,14,0
0,answer,that,that,22,15,11,8,14,23,0
0,answer,was,be,23,14,15,11,23,30,0
0,answer,self,self,24,23,14,15,30,22,0
0,answer,-,-,25,30,23,14,22,15,0
0,answer,evident,evident,26,22,30,23,15,5,0
0,answer,.,.,27,15,22,30,5,40,0
1,and,And,and,0,5,15,22,40,29,0
0,and,I,i,1,39,5,15,29,4,0
0,and,was,be,2,29,40,5,4,39,0
0,and,obliged,oblige,3,4,29,40,39,39,1
0,and,to,to,4,38,39,39,11,21,0
0,and,make,make,5,11,38,39,21,34,0
0,and,a,a,6,21,11,38,34,4,0
0,and,great,great,7,34,21,11,4,40,0
0,and,mental,mental,8,4,34,21,40,39,0
0,and,effort,effort,9,39,4,34,39,39,0
0,and,to,to,10,39,39,39,34,21,0
0,and,solve,solve,11,34,40,39,21,23,0
0,and,this,this,12,21,34,40,23,4,0
0,and,problem,problem,13,23,21,34,4,40,0
0,and,",",",",14,4,23,21,40,8,0
0,and,without,without,15,39,4,23,8,15,0
0,and,any,any,16,8,40,4,15,31,0
0,and,assistance,assistance,17,15,8,40,31,3,0
0,and,.,.,18,31,15,8,3,23,0
0,belocatedat,Indeed,indeed,0,3,31,15,23,4,0
0,belocatedat,",",",",1,23,3,31,4,39,0
0,belocatedat,as,a,2,4,23,3,39,39,0
0,belocatedat,I,i,3,39,39,39,6,21,0
0,belocatedat,learned,learn,4,6,40,39,21,31,0
0,belocatedat,",",",",5,21,6,40,31,33,0
0,belocatedat,there,there,6,31,21,6,33,10,0
0,belocatedat,were,be,7,33,31,21,10,8,0
0,belocatedat,on,on,8,10,33,31,8,11,0
0,belocatedat,the,the,9,8,10,33,11,15,0
0,belocatedat,planet,planet,10,11,8,10,15,10,0
0,belocatedat,where,where,11,15,11,8,10,8,0
0,belocatedat,the,the,12,10,15,11,8,15,0
0,belocatedat,little,little,13,8,10,15,15,5,0
0,belocatedat,prince,prince,14,15,8,10,5,40,0
0,belocatedat,lived,live,15,5,15,8,40,39,0
0,belocatedat,--,--,16,39,5,15,39,39,0
0,belocatedat,as,a,17,8,39,39,11,15,0
0,belocatedat,on,on,18,11,8,39,15,14,0
0,belocatedat,all,all,19,15,11,8,14,30,0
0,belocatedat,planets,planet,20,14,15,11,30,23,0
0,belocatedat,--,--,21,30,14,15,23,23,0
0,belocatedat,good,good,22,23,30,14,23,10,0
0,belocatedat,plants,plant,23,23,23,30,10,21,0
0,belocatedat,and,and,24,10,23,23,21,31,0
0,belocatedat,bad,bad,25,21,10,23,31,23,0
0,belocatedat,plants,plant,26,31,21,10,23,8,0
0,belocatedat,.,.,27,23,31,21,8,23,0
0,and,In,in,0,8,23,31,23,11,0
0,and,consequence,consequence,1,23,8,23,11,5,0
0,and,",",",",2,11,23,8,5,5,0
0,and,there,there,3,5,11,23,5,6,0
0,and,were,be,4,5,5,11,6,38,0
0,and,good,good,5,6,5,5,38,11,0
0,and,seeds,seed,6,38,6,5,11,5,0
0,and,from,from,7,11,38,6,5,5,0
0,and,good,good,8,5,11,38,5,6,0
0,and,plants,plant,9,5,5,11,6,32,0
0,and,",",",",10,6,5,5,32,5,0
1,and,and,and,11,32,6,5,5,5,0
0,and,bad,bad,12,5,32,6,5,21,0
0,and,seeds,seed,13,5,5,32,21,31,0
0,and,from,from,14,21,5,5,31,4,0
0,and,bad,bad,15,31,21,5,4,39,0
0,and,plants,plant,16,4,31,21,39,39,0
0,and,.,.,17,39,39,39,21,34,0
0,contrast,But,but,0,21,40,39,34,21,0
0,contrast,seeds,seed,1,34,21,40,21,35,0
0,contrast,are,be,2,21,34,21,35,15,0
0,contrast,invisible,invisible,3,35,21,34,15,10,0
0,contrast,.,.,4,15,35,21,10,15,0
0,sleep,They,they,0,10,15,35,15,3,0
1,sleep,sleep,sleep,1,15,10,15,3,40,0
0,sleep,deep,deep,2,3,15,10,40,21,0
0,sleep,in,in,3,39,3,15,21,31,0
0,sleep,the,the,4,21,40,3,31,8,0
0,sleep,heart,heart,5,31,21,40,8,11,0
0,sleep,of,of,6,8,31,21,11,15,0
0,sleep,the,the,7,11,8,31,15,4,0
0,sleep,earth,earth,8,15,11,8,4,39,0
0,sleep,'s,'s,9,4,15,11,39,39,0
0,sleep,darkness,darkness,10,39,39,39,10,21,0
0,sleep,",",",",11,10,40,39,21,14,0
0,sleep,until,until,12,21,10,40,14,30,0
0,sleep,some,some,13,14,21,10,30,8,0
0,sleep,one,one,14,30,14,21,8,15,0
0,sleep,among,among,15,8,30,14,15,28,0
0,sleep,them,them,16,15,8,30,28,30,0
0,sleep,is,be,17,28,15,8,30,10,0
0,sleep,seized,seize,18,30,28,15,10,22,0
0,sleep,with,with,19,10,30,28,22,18,0
0,sleep,the,the,20,22,10,30,18,5,0
0,sleep,desire,desire,21,18,22,10,5,5,0
0,sleep,to,to,22,5,18,22,5,40,0
0,sleep,awaken,awaken,23,5,5,18,40,39,0
0,sleep,.,.,24,39,5,5,39,39,0
0,and,Then,then,0,6,39,39,8,11,0
0,and,this,this,1,8,6,39,11,15,0
0,and,little,little,2,11,8,6,15,3,0
0,and,seed,seed,3,15,11,8,3,23,0
0,and,will,will,4,3,15,11,23,33,0
0,and,stretch,stretch,5,23,3,15,33,3,0
0,and,itself,itself,6,33,23,3,3,31,0
1,and,and,and,7,3,33,23,31,28,0
0,and,begin,begin,8,31,3,33,28,30,0
0,and,--,--,9,28,31,3,30,10,0
0,and,timidly,timidly,10,30,28,31,10,8,0
0,and,at,at,11,10,30,28,8,32,0
0,and,first,first,12,8,10,30,32,5,0
0,and,--,--,13,32,8,10,5,14,0
0,and,to,to,14,5,32,8,14,10,0
0,and,push,push,15,14,5,32,10,11,0
0,and,a,a,16,10,14,5,11,15,0
0,and,charming,charm,17,11,10,14,15,4,0
0,and,little,little,18,15,11,10,4,39,0
0,and,sprig,sprig,19,4,15,11,39,39,0
0,and,inoffensively,inoffensively,20,23,39,39,3,21,0
0,and,upward,upward,21,3,23,39,21,31,0
0,and,toward,toward,22,21,3,23,31,8,0
0,and,the,the,23,31,21,3,8,15,0
0,and,sun,sun,24,8,31,21,15,4,0
0,and,.,.,25,15,8,31,4,39,0
0,allow,If,if,0,4,15,8,39,39,0
0,allow,it,it,1,23,39,39,3,23,0
0,allow,is,be,2,3,23,39,23,3,0
0,allow,only,only,3,23,3,23,3,21,0
0,allow,a,a,4,3,23,3,21,31,0
0,allow,sprout,sprout,5,21,3,23,31,23,0
0,allow,of,of,6,31,21,3,23,23,0
0,allow,radish,radish,7,23,31,21,23,28,0
0,allow,or,or,8,23,23,31,28,30,0
0,allow,the,the,9,28,23,23,30,21,0
0,allow,sprig,sprig,10,30,28,23,21,10,0
0,allow,of,of,11,21,30,28,10,22,0
0,allow,a,a,12,10,21,30,22,15,0
0,allow,rose,rise,13,22,10,21,15,5,0
0,allow,-,-,14,15,22,10,5,5,0
0,allow,bush,bush,15,5,15,22,5,36,0
0,allow,",",",",16,5,5,15,36,31,0
0,allow,one,one,17,36,5,5,31,3,0
0,allow,would,would,18,31,36,5,3,10,0
0,allow,let,let,19,3,31,36,10,8,0
0,allow,it,it,20,10,3,31,8,15,0
0,allow,grow,grow,21,8,10,3,15,30,0
0,allow,wherever,wherever,22,15,8,10,30,33,0
0,allow,it,it,23,30,15,8,33,3,0
0,allow,might,might,24,33,30,15,3,8,0
0,allow,wish,wish,25,3,33,30,8,11,0
0,allow,.,.,26,8,3,33,11,11,0
0,contrast,But,but,0,11,8,3,11,28,0
0,contrast,when,when,1,11,11,8,28,30,0
0,contrast,it,it,2,28,11,11,30,10,0
0,contrast,is,be,3,30,28,11,10,4,0
0,contrast,a,a,4,10,30,28,4,39,0
0,contrast,bad,bad,5,4,10,30,39,39,0
0,contrast,plant,plant,6,7,39,39,15,3,0
0,contrast,",",",",7,15,7,39,3,10,0
0,contrast,one,one,8,3,15,7,10,15,0
0,contrast,must,must,9,10,3,15,15,3,0
0,contrast,destroy,destroy,10,15,10,3,3,38,0
0,contrast,it,it,11,3,15,10,38,21,0
0,contrast,as,a,12,38,3,15,21,31,0
0,contrast,soon,soon,13,21,38,3,31,32,0
0,contrast,as,a,14,31,21,38,32,10,0
0,contrast,possible,possible,15,32,31,21,10,22,0
0,contrast,",",",",16,10,32,31,22,7,0
0,contrast,the,the,17,22,10,32,7,15,0
0,contrast,very,very,18,7,22,10,15,3,0
0,contrast,first,first,19,15,7,22,3,21,0
0,contrast,instant,instant,20,3,15,7,21,31,0
0,contrast,that,that,21,21,3,15,31,28,0
0,contrast,one,one,22,31,21,3,28,8,0
0,contrast,recognizes,recognizes,23,28,31,21,8,11,0
0,contrast,it,it,24,8,28,31,11,15,0
0,contrast,.,.,25,11,8,28,15,5,0
0,belocatedat,Now,now,0,15,11,8,5,40,0
0,belocatedat,there,there,1,5,15,11,40,30,0
0,belocatedat,were,be,2,39,5,15,30,8,0
0,belocatedat,some,some,3,30,40,5,8,18,0
0,belocatedat,terrible,terrible,4,8,30,40,18,34,0
0,belocatedat,seeds,seed,5,18,8,30,34,10,0
0,belocatedat,on,on,6,34,18,8,10,22,0
0,belocatedat,the,the,7,10,34,18,22,15,0
0,belocatedat,planet,planet,8,22,10,34,15,4,0
0,belocatedat,that,that,9,15,22,10,4,40,0
0,belocatedat,was,be,10,4,15,22,40,39,0
0,belocatedat,the,the,11,39,4,15,39,39,0
0,belocatedat,home,home,12,39,39,39,9,34,0
0,belocatedat,of,of,13,9,40,39,34,8,0
0,belocatedat,the,the,14,34,9,40,8,18,0
0,belocatedat,little,little,15,8,34,9,18,10,0
0,belocatedat,prince,prince,16,18,8,34,10,22,0
0,belocatedat,;,;,17,10,18,8,22,15,0
0,belocatedat,and,and,18,22,10,18,15,3,0
0,belocatedat,these,these,19,15,22,10,3,40,0
0,belocatedat,were,be,20,3,15,22,40,8,0
0,belocatedat,the,the,21,39,3,15,8,11,0
0,belocatedat,seeds,seed,22,8,40,3,11,15,0
0,belocatedat,of,of,23,11,8,40,15,31,0
0,belocatedat,the,the,24,15,11,8,31,4,0
0,belocatedat,baobab,baobab,25,31,15,11,4,39,0
0,belocatedat,.,.,26,4,31,15,39,39,0
0,infest,The,the,0,39,39,39,6,3,0
0,infest,soil,soil,1,6,40,39,3,23,0
0,infest,of,of,2,3,6,40,23,3,0
0,infest,that,that,3,23,3,6,3,18,0
0,infest,planet,planet,4,3,23,3,18,34,0
0,infest,was,be,5,18,3,23,34,23,0
1,infest,infested,infest,6,34,18,3,23,30,0
0,infest,with,with,7,23,34,18,30,18,0
0,infest,them,them,8,30,23,34,18,4,0
0,infest,.,.,9,18,30,23,4,40,0
0,possible,A,a,0,4,18,30,40,39,0
0,possible,baobab,baobab,1,39,4,18,39,39,0
0,possible,is,be,2,39,39,39,21,34,0
0,possible,something,something,3,21,40,39,34,23,0
0,possible,you,you,4,34,21,40,23,8,0
0,possible,will,will,5,23,34,21,8,15,0
0,possible,never,never,6,8,23,34,15,3,0
0,possible,",",",",7,15,8,23,3,40,0
0,possible,never,never,8,3,15,8,40,8,0
0,possible,be,be,9,39,3,15,8,15,0
0,possible,able,able,10,8,40,3,15,31,0
0,possible,to,to,11,15,8,40,31,3,0
0,possible,get,get,12,31,15,8,3,23,0
0,possible,rid,rid,13,3,31,15,23,4,0
0,possible,of,of,14,23,3,31,4,39,0
0,possible,if,if,15,4,23,3,39,39,0
0,possible,you,you,16,39,39,39,16,30,0
0,possible,attend,attend,17,16,40,39,30,21,0
0,possible,to,to,18,30,16,40,21,5,0
0,possible,it,it,19,21,30,16,5,40,0
0,possible,too,too,20,5,21,30,40,39,0
0,possible,late,late,21,39,5,21,39,39,0
0,possible,.,.,22,39,39,39,21,34,0
0,spread,It,it,0,21,40,39,34,23,0
1,spread,spreads,spread,1,34,21,40,23,10,0
0,spread,over,over,2,23,34,21,10,8,0
0,spread,the,the,3,10,23,34,8,15,0
0,spread,entire,entire,4,8,10,23,15,10,0
0,spread,planet,planet,5,15,8,10,10,18,0
0,spread,.,.,6,10,15,8,18,3,0
0,bore,It,it,0,18,10,15,3,40,0
1,bore,bores,bore,1,3,18,10,40,21,0
0,bore,clear,clear,2,39,3,18,21,31,0
0,bore,through,through,3,21,40,3,31,10,0
0,bore,it,it,4,31,21,40,10,3,0
0,bore,with,with,5,10,31,21,3,40,0
0,bore,its,it,6,3,10,31,40,6,0
0,bore,roots,root,7,39,3,10,6,21,0
0,bore,.,.,8,6,40,3,21,34,0
1,and,And,and,0,21,6,40,34,8,0
0,and,if,if,1,34,21,6,8,15,0
0,and,the,the,2,8,34,21,15,10,0
0,and,planet,planet,3,15,8,34,10,18,0
0,and,is,be,4,10,15,8,18,4,0
0,and,too,too,5,18,10,15,4,39,0
0,and,small,small,6,4,18,10,39,39,0
0,and,",",",",7,21,39,39,34,21,0
0,and,and,and,8,34,21,39,21,14,0
0,and,the,the,9,21,34,21,14,23,0
0,and,baobabs,baobab,10,14,21,34,23,30,0
0,and,are,be,11,23,14,21,30,8,0
0,and,too,too,12,30,23,14,8,15,0
0,and,many,many,13,8,30,23,15,10,0
0,and,",",",",14,15,8,30,10,21,0
0,and,they,they,15,10,15,8,21,4,0
0,and,split,split,16,21,10,15,4,40,0
0,and,it,it,17,4,21,10,40,39,0
0,and,in,in,18,39,4,21,39,39,0
0,and,pieces,piece,19,39,39,39,8,15,0
0,and,...,...,20,8,40,39,15,10,0
0,say,``,``,0,15,8,40,10,18,0
0,say,It,it,1,10,15,8,18,5,0
0,say,is,be,2,18,10,15,5,5,0
0,say,a,a,3,5,18,10,5,8,0
0,say,question,question,4,5,5,18,8,35,0
0,say,of,of,5,8,5,5,35,11,0
0,say,discipline,discipline,6,35,8,5,11,15,0
0,say,",",",",7,11,35,8,15,3,0
0,say,``,``,8,15,11,35,3,10,0
0,say,the,the,9,3,15,11,10,8,0
0,say,little,little,10,10,3,15,8,15,0
0,say,prince,prince,11,8,10,3,15,3,0
1,say,said,say,12,15,8,10,3,40,1
0,say,to,to,13,3,15,8,40,31,0
0,say,me,me,14,39,3,15,31,8,0
0,say,later,later,15,31,40,3,8,11,0
0,say,on,on,16,8,31,40,11,15,0
0,say,.,.,17,11,8,31,15,3,0
0,attend,``,``,0,15,11,8,3,6,0
0,attend,When,when,1,3,15,11,6,31,0
0,attend,you,you,2,6,3,15,31,28,0
0,attend,'ve,'ve,3,31,6,3,28,21,0
0,attend,finished,finish,4,28,31,6,21,3,0
0,attend,your,your,5,21,28,31,3,40,0
0,attend,own,own,6,3,21,28,40,8,0
0,attend,toilet,toilet,7,39,3,21,8,15,0
0,attend,in,in,8,8,40,3,15,35,0
0,attend,the,the,9,15,8,40,35,8,0
0,attend,morning,morning,10,35,15,8,8,23,0
0,attend,",",",",11,8,35,15,23,11,0
0,attend,then,then,12,23,8,35,11,15,0
0,attend,it,it,13,11,23,8,15,5,0
0,attend,is,be,14,15,11,23,5,40,0
0,attend,time,time,15,5,15,11,40,39,0
0,attend,to,to,16,39,5,15,39,39,0
1,attend,attend,attend,17,39,39,39,10,15,0
0,attend,to,to,18,10,40,39,15,21,0
0,attend,the,the,19,15,10,40,21,34,0
0,attend,toilet,toilet,20,21,15,10,34,21,0
0,attend,of,of,21,34,21,15,21,28,0
0,attend,your,your,22,21,34,21,28,30,0
0,attend,planet,planet,23,28,21,34,30,21,0
0,attend,",",",",24,30,28,21,21,10,0
0,attend,just,just,25,21,30,28,10,8,0
0,attend,so,so,26,10,21,30,8,15,0
0,attend,",",",",27,8,10,21,15,15,0
0,attend,with,with,28,15,8,10,15,4,0
0,attend,the,the,29,15,15,8,4,39,0
0,attend,greatest,great,30,4,15,15,39,39,0
0,attend,care,care,31,21,39,39,35,23,0
0,attend,.,.,32,35,21,39,23,11,0
0,obligate,You,you,0,23,35,21,11,38,0
0,obligate,must,must,1,11,23,35,38,21,0
0,obligate,see,see,2,38,11,23,21,34,0
0,obligate,to,to,3,21,38,11,34,4,0
0,obligate,it,it,4,34,21,38,4,39,0
0,obligate,that,that,5,4,34,21,39,39,0
0,obligate,you,you,6,10,39,39,8,15,0
0,obligate,pull,pull,7,8,10,39,15,21,0
0,obligate,up,up,8,15,8,10,21,31,0
0,obligate,regularly,regularly,9,21,15,8,31,10,0
0,obligate,all,all,10,31,21,15,10,5,0
0,obligate,the,the,11,10,31,21,5,5,0
0,obligate,baobabs,baobab,12,5,10,31,5,40,0
0,obligate,",",",",13,5,5,10,40,39,0
0,obligate,at,at,14,39,5,5,39,39,0
0,obligate,the,the,15,6,39,39,21,31,0
0,obligate,very,very,16,21,6,39,31,21,0
0,obligate,first,first,17,31,21,6,21,10,0
0,obligate,moment,moment,18,21,31,21,10,8,0
0,obligate,when,when,19,10,21,31,8,15,0
0,obligate,they,they,20,8,10,21,15,4,0
0,obligate,can,can,21,15,8,10,4,39,0
0,obligate,be,be,22,4,15,8,39,39,0
0,obligate,distinguished,distinguish,23,21,39,39,31,33,0
0,obligate,from,from,24,31,21,39,33,10,0
0,obligate,the,the,25,33,31,21,10,8,0
0,obligate,rosebushes,rosebush,26,10,33,31,8,15,0
0,obligate,which,which,27,8,10,33,15,10,0
0,obligate,they,they,28,15,8,10,10,8,0
0,obligate,resemble,resemble,29,10,15,8,8,15,0
0,obligate,so,so,30,8,10,15,15,4,0
0,obligate,closely,closely,31,15,8,10,4,39,0
0,obligate,in,in,32,4,15,8,39,39,0
0,obligate,their,their,33,21,39,39,14,23,0
0,obligate,earliest,early,34,14,21,39,23,30,0
0,obligate,youth,youth,35,23,14,21,30,33,0
0,obligate,.,.,36,30,23,14,33,15,0
0,add,It,it,0,33,30,23,15,10,0
0,add,is,be,1,15,33,30,10,8,0
0,add,very,very,2,10,15,33,8,11,0
0,add,tedious,tedious,3,8,10,15,11,18,0
0,add,work,work,4,11,8,10,18,4,0
0,add,",",",",5,18,11,8,4,39,0
0,add,``,``,6,4,18,11,39,39,0
0,add,the,the,7,33,39,39,10,32,0
0,add,little,little,8,10,33,39,32,33,0
0,add,prince,prince,9,32,10,33,33,21,0
1,add,added,add,10,33,32,10,21,30,0
0,add,",",",",11,21,33,32,30,33,0
0,add,``,``,12,30,21,33,33,10,0
0,add,but,but,13,33,30,21,10,8,0
0,add,very,very,14,10,33,30,8,15,0
0,add,easy,easy,15,8,10,33,15,10,0
0,add,.,.,16,15,8,10,10,11,0
0,add,``,``,17,10,15,8,11,8,0
1,and,And,and,0,11,10,15,8,11,0
0,and,one,one,1,8,11,10,11,15,0
0,and,day,day,2,11,8,11,15,3,0
0,and,he,he,3,15,11,8,3,21,0
0,and,said,say,4,3,15,11,21,31,1
0,and,to,to,5,21,3,15,31,7,0
0,and,me,me,6,31,21,3,7,6,0
0,and,:,:,7,7,31,21,6,7,0
0,and,``,``,8,6,7,31,7,18,0
0,and,You,you,9,7,6,7,18,3,0
0,and,ought,ought,10,18,7,6,3,10,0
0,and,to,to,11,3,18,7,10,15,0
0,and,make,make,12,10,3,18,15,28,0
0,and,a,a,13,15,10,3,28,30,0
0,and,beautiful,beautiful,14,28,15,10,30,8,0
0,and,drawing,draw,15,30,28,15,8,11,0
0,and,",",",",16,8,30,28,11,15,0
0,and,so,so,17,11,8,30,15,10,0
0,and,that,that,18,15,11,8,10,8,0
0,and,the,the,19,10,15,11,8,11,0
0,and,children,child,20,8,10,15,11,4,0
0,and,where,where,21,11,8,10,4,39,0
0,and,you,you,22,4,11,8,39,39,0
0,and,live,live,23,39,39,39,8,15,0
0,and,can,can,24,8,40,39,15,4,0
0,and,see,see,25,15,8,40,4,40,0
0,and,exactly,exactly,26,4,15,8,40,39,0
0,and,how,how,27,39,4,15,39,39,0
0,and,all,all,28,39,39,39,21,31,0
0,and,this,this,29,21,40,39,31,23,0
0,and,is,be,30,31,21,40,23,32,0
0,and,.,.,31,23,31,21,32,28,0
0,useful,That,that,0,32,23,31,28,30,0
0,useful,would,would,1,28,32,23,30,10,0
0,useful,be,be,2,30,28,32,10,21,0
0,useful,very,very,3,10,30,28,21,38,0
1,useful,useful,useful,4,21,10,30,38,21,0
0,useful,to,to,5,38,21,10,21,31,0
0,useful,them,them,6,21,38,21,31,28,0
0,useful,if,if,7,31,21,38,28,21,0
0,useful,they,they,8,28,31,21,21,5,0
0,useful,were,be,9,21,28,31,5,40,0
0,useful,to,to,10,5,21,28,40,39,0
0,useful,travel,travel,11,39,5,21,39,39,0
0,useful,some,some,12,23,39,39,21,31,0
0,useful,day,day,13,21,23,39,31,21,0
0,useful,.,.,14,31,21,23,21,26,0
0,add,Sometimes,sometimes,0,21,31,21,26,8,0
0,add,",",",",1,26,21,31,8,23,0
0,add,``,``,2,8,26,21,23,24,0
0,add,he,he,3,23,8,26,24,23,0
1,add,added,add,4,24,23,8,23,10,0
0,add,",",",",5,23,24,23,10,21,0
0,add,``,``,6,10,23,24,21,14,0
0,add,there,there,7,21,10,23,14,30,0
0,add,is,be,8,14,21,10,30,10,0
0,add,no,no,9,30,14,21,10,15,0
0,add,harm,harm,10,10,30,14,15,23,0
0,add,in,in,11,15,10,30,23,8,0
0,add,putting,put,12,23,15,10,8,11,0
0,add,off,off,13,8,23,15,11,4,0
0,add,a,a,14,11,8,23,4,39,0
0,add,piece,piece,15,4,11,8,39,39,0
0,add,of,of,16,10,39,39,8,11,0
0,add,work,work,17,8,10,39,11,15,0
0,add,until,until,18,11,8,10,15,3,0
0,add,another,another,19,15,11,8,3,10,0
0,add,day,day,20,3,15,11,10,15,0
0,add,.,.,21,10,3,15,15,10,0
0,contrast,But,but,0,15,10,3,10,19,0
0,contrast,when,when,1,10,15,10,19,8,0
0,contrast,it,it,2,19,10,15,8,11,0
0,contrast,is,be,3,8,19,10,11,14,0
0,contrast,a,a,4,11,8,19,14,36,0
0,contrast,matter,matter,5,14,11,8,36,31,0
0,contrast,of,of,6,36,14,11,31,11,0
0,contrast,baobabs,baobab,7,31,36,14,11,10,0
0,contrast,",",",",8,11,31,36,10,22,0
0,contrast,that,that,9,10,11,31,22,15,0
0,contrast,always,always,10,22,10,11,15,3,0
0,contrast,means,mean,11,15,22,10,3,31,0
0,contrast,a,a,12,3,15,22,31,23,0
0,contrast,catastrophe,catastrophe,13,31,3,15,23,33,0
0,contrast,.,.,14,23,31,3,33,28,0
0,know,I,i,0,33,23,31,28,30,0
0,know,knew,knew,1,28,33,23,30,21,0
0,know,a,a,2,30,28,33,21,4,0
0,know,planet,planet,3,21,30,28,4,39,0
0,know,that,that,4,4,21,30,39,39,0
0,know,was,be,5,21,39,39,31,33,0
0,know,inhabited,inhabit,6,31,21,39,33,23,0
0,know,by,by,7,33,31,21,23,18,0
0,know,a,a,8,23,33,31,18,36,0
0,know,lazy,lazy,9,18,23,33,36,31,0
0,know,man,man,10,36,18,23,31,10,0
0,know,.,.,11,31,36,18,10,15,0
0,neglect,He,he,0,10,31,36,15,3,0
1,neglect,neglected,neglect,1,15,10,31,3,6,0
0,neglect,three,three,2,3,15,10,6,21,0
0,neglect,little,little,3,6,3,15,21,31,0
0,neglect,bushes,bush,4,21,6,3,31,21,0
0,neglect,...,...,5,31,21,6,21,23,0
0,neglect,``,``,6,21,31,21,23,11,0
0,draw,So,so,0,23,21,31,11,4,0
0,draw,",",",",1,11,23,21,4,39,0
0,draw,as,a,2,4,11,23,39,39,0
0,draw,the,the,3,39,39,39,21,14,0
0,draw,little,little,4,21,40,39,14,23,0
0,draw,prince,prince,5,14,21,40,23,28,0
0,draw,described,described,6,23,14,21,28,30,0
0,draw,it,it,7,28,23,14,30,33,0
0,draw,to,to,8,30,28,23,33,28,0
0,draw,me,me,9,33,30,28,28,22,0
0,draw,",",",",10,28,33,30,22,3,0
0,draw,I,i,11,22,28,33,3,40,0
0,draw,have,have,12,3,22,28,40,21,0
0,draw,made,make,13,39,3,22,21,31,0
0,draw,a,a,14,21,40,3,31,28,0
1,draw,drawing,draw,15,31,21,40,28,21,0
0,draw,of,of,16,28,31,21,21,7,0
0,draw,that,that,17,21,28,31,7,15,0
0,draw,planet,planet,18,7,21,28,15,4,0
0,draw,.,.,19,15,7,21,4,40,0
0,like,I,i,0,4,15,7,40,39,0
0,like,do,do,1,39,4,15,39,39,0
0,like,not,not,2,7,39,39,23,14,0
0,like,much,much,3,23,7,39,14,28,0
1,like,like,like,4,14,23,7,28,30,0
0,like,to,to,5,28,14,23,30,28,0
0,like,take,take,6,30,28,14,28,8,0
0,like,the,the,7,28,30,28,8,18,0
0,like,tone,tone,8,8,28,30,18,4,0
0,like,of,of,9,18,8,28,4,39,0
0,like,a,a,10,4,18,8,39,39,0
0,like,moralist,moralist,11,7,39,39,14,23,0
0,like,.,.,12,14,7,39,23,30,0
0,contrast,But,but,0,23,14,7,30,10,0
0,contrast,the,the,1,30,23,14,10,21,0
0,contrast,danger,danger,2,10,30,23,21,6,0
0,contrast,of,of,3,21,10,30,6,30,0
0,contrast,the,the,4,6,21,10,30,22,0
0,contrast,baobabs,baobab,5,30,6,21,22,15,0
0,contrast,is,be,6,22,30,6,15,4,0
0,contrast,so,so,7,15,22,30,4,39,0
0,contrast,little,little,8,4,15,22,39,39,0
0,contrast,understood,understood,9,16,39,39,31,8,0
0,contrast,",",",",10,31,16,39,8,22,0
0,contrast,and,and,11,8,31,16,22,15,0
0,contrast,such,such,12,22,8,31,15,4,0
0,contrast,considerable,considerable,13,15,22,8,4,39,0
0,contrast,risks,risk,14,4,15,22,39,39,0
0,contrast,would,would,15,6,39,39,21,31,0
0,contrast,be,be,16,21,6,39,31,23,0
0,contrast,run,run,17,31,21,6,23,30,0
0,contrast,by,by,18,23,31,21,30,38,0
0,contrast,anyone,anyone,19,30,23,31,38,28,0
0,contrast,who,who,20,38,30,23,28,30,0
0,contrast,might,might,21,28,38,30,30,15,0
0,contrast,get,get,22,30,28,38,15,10,0
0,contrast,lost,lose,23,15,30,28,10,8,0
0,contrast,on,on,24,10,15,30,8,22,0
0,contrast,an,an,25,8,10,15,22,15,0
0,contrast,asteroid,asteroid,26,22,8,10,15,4,0
0,contrast,",",",",27,15,22,8,4,39,0
0,contrast,that,that,28,4,15,22,39,39,0
0,contrast,for,for,29,8,39,39,15,10,0
0,contrast,once,once,30,15,8,39,10,15,0
0,contrast,I,i,31,10,15,8,15,3,0
0,contrast,am,be,32,15,10,15,3,36,0
0,contrast,breaking,break,33,3,15,10,36,31,0
0,contrast,through,through,34,36,3,15,31,21,0
0,contrast,my,my,35,31,36,3,21,23,0
0,contrast,reserve,reserve,36,21,31,36,23,11,0
0,contrast,.,.,37,23,21,31,11,3,0
0,child,``,``,0,11,23,21,3,14,0
0,child,Children,children,1,3,11,23,14,23,0
0,child,",",",",2,14,3,11,23,30,0
0,child,``,``,3,23,14,3,30,33,0
0,say,I,i,0,30,23,14,33,22,0
1,say,say,say,1,33,30,23,22,15,1
0,say,plainly,plainly,2,22,33,30,15,10,0
0,say,",",",",3,15,22,33,10,15,0
0,say,``,``,4,10,15,22,15,6,0
0,say,watch,watch,5,15,10,15,6,15,0
0,say,out,out,6,6,15,10,15,4,0
0,say,for,for,7,15,6,15,4,40,0
0,say,the,the,8,4,15,6,40,39,0
0,say,baobabs,baobab,9,39,4,15,39,39,0
0,say,!,!,10,6,39,39,21,31,0
0,say,``,``,11,21,6,39,31,22,0
0,cause,My,my,0,31,21,6,22,18,0
0,cause,friends,friend,1,22,31,21,18,5,0
0,cause,",",",",2,18,22,31,5,40,0
0,cause,like,like,3,5,18,22,40,8,0
0,cause,myself,myself,4,39,5,18,8,15,0
0,cause,",",",",5,8,40,5,15,35,0
0,cause,have,have,6,15,8,40,35,10,0
0,cause,been,be,7,35,15,8,10,21,0
0,cause,skirting,skirt,8,10,35,15,21,31,0
0,cause,this,this,9,21,10,35,31,23,0
0,cause,danger,danger,10,31,21,10,23,30,0
0,cause,for,for,11,23,31,21,30,38,0
0,cause,a,a,12,30,23,31,38,28,0
0,cause,long,long,13,38,30,23,28,30,0
0,cause,time,time,14,28,38,30,30,15,0
0,cause,",",",",15,30,28,38,15,4,0
0,cause,without,without,16,15,30,28,4,39,0
0,cause,ever,ever,17,4,15,30,39,39,0
0,cause,knowing,know,18,21,39,39,14,28,0
0,cause,it,it,19,14,21,39,28,30,0
0,cause,;,;,20,28,14,21,30,33,0
0,cause,and,and,21,30,28,14,33,10,0
0,cause,so,so,22,33,30,28,10,18,0
0,cause,it,it,23,10,33,30,18,6,0
0,cause,is,be,24,18,10,33,6,23,0
0,cause,for,for,25,6,18,10,23,10,0
0,cause,them,them,26,23,6,18,10,18,0
0,cause,that,that,27,10,23,6,18,4,0
0,cause,I,i,28,18,10,23,4,39,0
0,cause,have,have,29,4,18,10,39,39,0
0,cause,worked,work,30,21,39,39,31,21,0
0,cause,so,so,31,31,21,39,21,15,0
0,cause,hard,hard,32,21,31,21,15,6,0
0,cause,over,over,33,15,21,31,6,22,0
0,cause,this,this,34,6,15,21,22,15,0
0,cause,drawing,draw,35,22,6,15,15,10,0
0,cause,.,.,36,15,22,6,10,21,0
0,worth,The,the,0,10,15,22,21,4,0
0,worth,lesson,lesson,1,21,10,15,4,39,0
0,worth,which,which,2,4,21,10,39,39,0
0,worth,I,i,3,21,39,39,14,23,0
0,worth,pass,pas,4,14,21,39,23,28,0
0,worth,on,on,5,23,14,21,28,30,0
0,worth,by,by,6,28,23,14,30,33,0
0,worth,this,this,7,30,28,23,33,23,0
0,worth,means,mean,8,33,30,28,23,10,0
0,worth,is,be,9,23,33,30,10,22,0
1,worth,worth,worth,10,10,23,33,22,5,0
0,worth,all,all,11,22,10,23,5,39,0
0,worth,the,the,12,5,22,10,39,39,0
0,worth,trouble,trouble,13,21,39,39,14,28,0
0,worth,it,it,14,14,21,39,28,30,0
0,worth,has,have,15,28,14,21,30,33,0
0,worth,cost,cost,16,30,28,14,33,19,0
0,worth,me,me,17,33,30,28,19,8,0
0,worth,.,.,18,19,33,30,8,15,0
0,possible,Perhaps,perhaps,0,8,19,33,15,10,0
0,possible,you,you,1,15,8,19,10,31,0
0,possible,will,will,2,10,15,8,31,10,0
0,possible,ask,ask,3,31,10,15,10,21,1
0,possible,me,me,4,10,31,10,21,11,0
0,possible,",",",",5,21,10,31,11,11,0
0,possible,``,``,6,11,21,10,11,18,0
0,possible,Why,why,7,11,11,21,18,4,0
0,possible,are,be,8,18,11,11,4,39,0
0,possible,there,there,9,4,18,11,39,39,0
0,possible,no,no,10,18,39,39,34,23,0
0,possible,other,other,11,34,18,39,23,11,0
0,possible,drawing,draw,12,23,34,18,11,4,0
0,possible,in,in,13,11,23,34,4,39,0
0,possible,this,this,14,4,11,23,39,39,0
0,possible,book,book,15,6,39,39,21,31,0
0,possible,as,a,16,21,6,39,31,23,0
0,possible,magnificent,magnificent,17,31,21,6,23,11,0
0,possible,and,and,18,23,31,21,11,28,0
0,possible,impressive,impressive,19,11,23,31,28,30,0
0,possible,as,a,20,28,11,23,30,38,0
0,possible,this,this,21,30,28,11,38,28,0
0,possible,drawing,draw,22,38,30,28,28,30,0
0,possible,of,of,23,28,38,30,30,22,0
0,possible,the,the,24,30,28,38,22,5,0
0,possible,baobabs,baobab,25,22,30,28,5,40,0
0,possible,?,?,26,5,22,30,40,39,0
0,possible,``,``,27,39,5,22,39,39,0
0,simple,The,the,0,15,39,39,7,4,0
0,simple,reply,reply,1,7,15,39,4,39,1
0,simple,is,be,2,4,7,15,39,39,0
1,simple,simple,simple,3,21,39,39,34,10,0
0,simple,.,.,4,34,21,39,10,10,0
0,try,I,i,0,10,34,21,10,22,0
0,try,have,have,1,10,10,34,22,15,0
1,try,tried,try,2,22,10,10,15,21,0
0,try,.,.,3,15,22,10,21,31,0
0,contrast,But,but,0,21,15,22,31,15,0
0,contrast,with,with,1,31,21,15,15,10,0
0,contrast,the,the,2,15,31,21,10,8,0
0,contrast,others,others,3,10,15,31,8,15,0
0,contrast,I,i,4,8,10,15,15,10,0
0,contrast,have,have,5,15,8,10,10,8,0
0,contrast,not,not,6,10,15,8,8,15,0
0,contrast,been,be,7,8,10,15,15,10,0
0,contrast,successful,successful,8,15,8,10,10,11,0
0,contrast,.,.,9,10,15,8,11,18,0
0,carry,When,when,0,11,10,15,18,4,0
0,carry,I,i,1,18,11,10,4,39,0
0,carry,made,make,2,4,18,11,39,39,0
0,carry,the,the,3,10,39,39,8,15,0
0,carry,drawing,draw,4,8,10,39,15,10,1
0,carry,of,of,5,15,8,10,10,22,0
0,carry,the,the,6,10,15,8,22,15,0
0,carry,baobabs,baobab,7,22,10,15,15,21,0
0,carry,I,i,8,15,22,10,21,31,0
0,carry,was,be,9,21,15,22,31,22,0
1,carry,carried,carry,10,31,21,15,22,15,0
0,carry,beyond,beyond,11,22,31,21,15,10,0
0,carry,myself,myself,12,15,22,31,10,11,0
0,carry,by,by,13,10,15,22,11,15,0
0,carry,the,the,14,11,10,15,15,4,0
0,carry,inspiring,inspire,15,15,11,10,4,39,0
0,carry,force,force,16,4,15,11,39,39,0
0,carry,of,of,17,21,39,39,23,31,0
0,carry,urgent,urgent,18,23,21,39,31,26,0
0,carry,necessity,necessity,19,31,23,21,26,22,0
0,carry,.,.,20,26,31,23,22,11,0
1,chapter,Chapter,chapter,0,22,26,31,11,18,1
0,chapter,6,6,1,11,22,26,18,4,0
0,chapter,.,.,2,18,11,22,4,39,0
0,prince,Oh,oh,0,4,18,11,39,39,0
0,prince,",",",",1,21,39,39,31,7,0
0,prince,little,little,2,31,21,39,7,11,0
1,prince,prince,prince,3,7,31,21,11,18,0
0,prince,!,!,4,11,7,31,18,5,0
0,understand,Bit,bit,0,18,11,7,5,6,0
0,understand,by,by,1,5,18,11,6,21,0
0,understand,bit,bit,2,6,5,18,21,31,0
0,understand,I,i,3,21,6,5,31,23,0
0,understand,came,come,4,31,21,6,23,11,0
0,understand,to,to,5,23,31,21,11,10,0
1,understand,understand,understand,6,11,23,31,10,32,0
0,understand,the,the,7,10,11,23,32,22,0
0,understand,secrets,secret,8,32,10,11,22,15,0
0,understand,of,of,9,22,32,10,15,10,0
0,understand,your,your,10,15,22,32,10,8,0
0,understand,sad,sad,11,10,15,22,8,15,0
0,understand,little,little,12,8,10,15,15,4,0
0,understand,life,life,13,15,8,10,4,39,0
0,understand,...,...,14,4,15,8,39,39,0
0,find,For,for,0,21,39,39,23,31,0
0,find,a,a,1,23,21,39,31,7,0
0,find,long,long,2,31,23,21,7,15,0
0,find,time,time,3,7,31,23,15,36,0
0,find,you,you,4,15,7,31,36,31,0
0,find,had,have,5,36,15,7,31,11,0
0,find,found,found,6,31,36,15,11,4,0
0,find,your,your,7,11,31,36,4,39,0
0,find,only,only,8,4,11,31,39,39,0
0,find,entertainment,entertainment,9,6,39,39,3,10,0
0,find,in,in,10,3,6,39,10,21,0
0,find,the,the,11,10,3,6,21,31,0
0,find,quiet,quiet,12,21,10,3,31,3,0
0,find,pleasure,pleasure,13,31,21,10,3,40,0
0,find,of,of,14,3,31,21,40,7,0
0,find,looking,look,15,39,3,31,7,23,0
0,find,at,at,16,7,40,3,23,35,0
0,find,the,the,17,23,7,40,35,4,0
0,find,sunset,sunset,18,35,23,7,4,40,0
0,find,.,.,19,4,35,23,40,39,0
0,learn,I,i,0,39,4,35,39,39,0
1,learn,learned,learn,1,23,39,39,21,31,0
0,learn,that,that,2,21,23,39,31,26,0
0,learn,new,new,3,31,21,23,26,8,0
0,learn,detail,detail,4,26,31,21,8,11,0
0,learn,on,on,5,8,26,31,11,15,0
0,learn,the,the,6,11,8,26,15,3,0
0,learn,morning,morning,7,15,11,8,3,23,0
0,learn,of,of,8,3,15,11,23,4,0
0,learn,the,the,9,23,3,15,4,39,0
0,learn,fourth,fourth,10,4,23,3,39,39,0
0,learn,day,day,11,10,39,39,21,34,0
0,learn,",",",",12,21,10,39,34,23,0
0,learn,when,when,13,34,21,10,23,33,0
0,learn,you,you,14,23,34,21,33,26,0
0,learn,said,say,15,33,23,34,26,3,1
0,learn,to,to,16,26,33,23,3,18,0
0,learn,me,me,17,3,26,33,18,34,0
0,learn,:,:,18,18,3,26,34,23,0
0,learn,``,``,19,34,18,3,23,6,0
0,learn,I,i,20,23,34,18,6,23,0
0,learn,am,be,21,6,23,34,23,3,0
0,learn,very,very,22,23,6,23,3,10,0
0,learn,fond,fond,23,3,23,6,10,8,0
0,learn,of,of,24,10,3,23,8,18,0
0,learn,sunsets,sunset,25,8,10,3,18,4,0
0,learn,.,.,26,18,8,10,4,39,0
0,and,Come,come,0,4,18,8,39,39,0
0,and,",",",",1,11,39,39,18,34,0
0,and,let,let,2,18,11,39,34,11,0
0,and,us,u,3,34,18,11,11,18,0
0,and,go,go,4,11,34,18,18,10,0
0,and,look,look,5,18,11,34,10,8,0
0,and,at,at,6,10,18,11,8,15,0
0,and,a,a,7,8,10,18,15,4,0
0,and,sunset,sunset,8,15,8,10,4,39,0
0,and,now,now,9,4,15,8,39,39,0
0,and,.,.,10,10,39,39,22,15,0
0,and,``,``,11,22,10,39,15,21,0
0,contrast,``,``,0,15,22,10,21,34,0
0,contrast,But,but,1,21,15,22,34,23,0
0,contrast,we,we,2,34,21,15,23,11,0
0,contrast,must,must,3,23,34,21,11,23,0
0,contrast,wait,wait,4,11,23,34,23,11,0
0,contrast,",",",",5,23,11,23,11,28,0
0,contrast,``,``,6,11,23,11,28,30,0
0,say,I,i,0,28,11,23,30,26,0
1,say,said,say,1,30,28,11,26,22,1
0,say,.,.,2,26,30,28,22,18,0
0,wait,``,``,0,22,26,30,18,4,0
1,wait,Wait,wait,1,18,22,26,4,39,1
0,wait,?,?,2,4,18,22,39,39,0
0,wait,For,for,0,8,39,39,35,38,0
0,wait,what,what,1,35,8,39,38,21,0
0,wait,?,?,2,38,35,8,21,34,0
0,wait,``,``,3,21,38,35,34,8,0
0,wait,``,``,0,34,21,38,8,15,0
0,wait,For,for,1,8,34,21,15,10,0
0,wait,the,the,2,15,8,34,10,15,0
0,wait,sunset,sunset,3,10,15,8,15,10,0
0,wait,.,.,4,15,10,15,10,21,0
0,obligate,We,we,0,10,15,10,21,4,0
0,obligate,must,must,1,21,10,15,4,39,0
0,obligate,wait,wait,2,4,21,10,39,39,0
0,obligate,until,until,3,8,39,39,11,15,0
0,obligate,it,it,4,11,8,39,15,23,0
0,obligate,is,be,5,15,11,8,23,31,0
0,obligate,time,time,6,23,15,11,31,26,0
0,obligate,.,.,7,31,23,15,26,3,0
0,obligate,``,``,8,26,31,23,3,10,0
0,seem,At,at,0,3,26,31,10,8,0
0,seem,first,first,1,10,3,26,8,11,0
0,seem,you,you,2,8,10,3,11,15,0
1,seem,seemed,seem,3,11,8,10,15,10,0
0,seem,to,to,4,15,11,8,10,15,0
0,seem,be,be,5,10,15,11,15,3,0
0,seem,very,very,6,15,10,15,3,8,0
0,seem,much,much,7,3,15,10,8,11,0
0,seem,surprised,surprised,8,8,3,15,11,11,0
0,seem,.,.,9,11,8,3,11,18,0
1,and,And,and,0,11,11,8,18,10,0
0,and,then,then,1,18,11,11,10,8,0
0,and,you,you,2,10,18,11,8,15,0
0,and,laughed,laugh,3,8,10,18,15,4,0
0,and,to,to,4,15,8,10,4,39,0
0,and,yourself,yourself,5,4,15,8,39,39,0
0,and,.,.,6,21,39,39,31,10,0
0,say,You,you,0,31,21,39,10,21,0
1,say,said,say,1,10,31,21,21,14,1
0,say,to,to,2,21,10,31,14,23,0
0,say,me,me,3,14,21,10,23,30,0
0,say,:,:,4,23,14,21,30,28,0
0,say,``,``,5,30,23,14,28,30,0
0,say,I,i,6,28,30,23,30,4,0
0,say,am,be,7,30,28,30,4,39,0
0,say,always,always,8,4,30,28,39,39,0
0,say,thinking,think,9,6,39,39,10,8,0
0,say,that,that,10,10,6,39,8,11,0
0,say,I,i,11,8,10,6,11,15,0
0,say,am,be,12,11,8,10,15,19,0
0,say,at,at,13,15,11,8,19,8,0
0,say,home,home,14,19,15,11,8,11,0
0,say,!,!,15,8,19,15,11,18,0
0,say,``,``,16,11,8,19,18,31,0
0,so,Just,just,0,18,11,8,31,23,0
1,so,so,so,1,31,18,11,23,11,0
0,so,.,.,2,23,31,18,11,28,0
0,know,Everybody,everybody,0,11,23,31,28,21,0
1,know,knows,know,1,28,11,23,21,4,0
0,know,that,that,2,21,28,11,4,39,0
0,know,when,when,3,4,21,28,39,39,0
0,know,it,it,4,6,39,39,38,21,0
0,know,is,be,5,38,6,39,21,31,0
0,know,noon,noon,6,21,38,6,31,8,0
0,know,in,in,7,31,21,38,8,15,0
0,know,the,the,8,8,31,21,15,10,0
0,know,United,united,9,15,8,31,10,8,0
0,know,States,states,10,10,15,8,8,11,0
0,know,the,the,11,8,10,15,11,15,0
0,know,sun,sun,12,11,8,10,15,3,0
0,know,is,be,13,15,11,8,3,6,0
0,know,setting,set,14,3,15,11,6,31,0
0,know,over,over,15,6,3,15,31,28,0
0,know,France,france,16,31,6,3,28,30,0
0,know,.,.,17,28,31,6,30,21,0
0,possible,If,if,0,30,28,31,21,10,0
0,possible,you,you,1,21,30,28,10,8,0
0,possible,could,could,2,10,21,30,8,15,0
0,possible,fly,fly,3,8,10,21,15,10,0
0,possible,to,to,4,15,8,10,10,22,0
0,possible,France,france,5,10,15,8,22,15,0
0,possible,in,in,6,22,10,15,15,15,0
0,possible,one,one,7,15,22,10,15,3,0
0,possible,minute,minute,8,15,15,22,3,21,0
0,possible,",",",",9,3,15,15,21,31,0
0,possible,you,you,10,21,3,15,31,10,0
0,possible,could,could,11,31,21,3,10,21,0
0,possible,go,go,12,10,31,21,21,31,0
0,possible,straight,straight,13,21,10,31,31,23,0
0,possible,into,into,14,31,21,10,23,23,0
0,possible,the,the,15,23,31,21,23,28,0
0,possible,sunset,sunset,16,23,23,31,28,18,0
0,possible,",",",",17,28,23,23,18,4,0
0,possible,right,right,18,18,28,23,4,39,0
0,possible,from,from,19,4,18,28,39,39,0
0,possible,noon,noon,20,39,39,39,16,3,0
0,possible,.,.,21,16,40,39,3,40,0
0,fortunate,Unfortunately,unfortunately,0,3,16,40,40,21,0
0,fortunate,",",",",1,39,3,16,21,31,0
0,fortunate,France,france,2,21,40,3,31,28,0
0,fortunate,is,be,3,31,21,40,28,8,0
0,fortunate,too,too,4,28,31,21,8,15,0
0,fortunate,far,far,5,8,28,31,15,4,0
0,fortunate,away,away,6,15,8,28,4,39,0
0,fortunate,for,for,7,4,15,8,39,39,0
0,fortunate,that,that,8,6,39,39,21,31,0
0,fortunate,.,.,9,21,6,39,31,8,0
0,say,But,but,0,31,21,6,8,15,0
0,say,on,on,1,8,31,21,15,4,0
0,say,your,your,2,15,8,31,4,39,0
0,say,tiny,tiny,3,4,15,8,39,39,0
0,say,planet,planet,4,39,39,39,16,3,0
0,say,",",",",5,16,40,39,3,40,0
0,say,my,my,6,3,16,40,40,21,0
0,say,little,little,7,39,3,16,21,31,0
0,say,prince,prince,8,21,40,3,31,23,0
0,say,",",",",9,31,21,40,23,4,0
0,say,all,all,10,23,31,21,4,39,0
0,say,you,you,11,4,23,31,39,39,0
0,say,need,need,12,8,39,39,15,31,0
0,say,do,do,13,15,8,39,31,4,0
0,say,is,be,14,31,15,8,4,39,0
0,say,move,move,15,4,31,15,39,39,0
0,say,your,your,16,6,39,39,21,31,0
0,say,chair,chair,17,21,6,39,31,23,0
0,say,a,a,18,31,21,6,23,10,0
0,say,few,few,19,23,31,21,10,21,0
0,say,steps,step,20,10,23,31,21,31,0
0,say,.,.,21,21,10,23,31,8,0
0,possible,You,you,0,31,21,10,8,15,0
0,possible,can,can,1,8,31,21,15,4,0
0,possible,see,see,2,15,8,31,4,39,0
0,possible,the,the,3,4,15,8,39,39,0
0,possible,day,day,4,39,39,39,21,34,0
0,possible,end,end,5,21,40,39,34,33,0
0,possible,and,and,6,34,21,40,33,23,0
0,possible,the,the,7,33,34,21,23,3,0
0,possible,twilight,twilight,8,23,33,34,3,40,0
0,possible,falling,fall,9,3,23,33,40,21,0
0,possible,whenever,whenever,10,39,3,23,21,31,0
0,possible,you,you,11,21,40,3,31,28,0
0,possible,like,like,12,31,21,40,28,21,0
0,possible,...,...,13,28,31,21,21,3,0
0,say,``,``,0,21,28,31,3,10,0
0,say,One,one,1,3,21,28,10,11,0
0,say,day,day,2,10,3,21,11,4,0
0,say,",",",",3,11,10,3,4,39,0
0,say,``,``,4,4,11,10,39,39,0
0,say,you,you,5,39,39,39,21,34,0
1,say,said,say,6,21,40,39,34,22,1
0,say,to,to,7,34,21,40,22,15,0
0,say,me,me,8,22,34,21,15,4,0
0,say,",",",",9,15,22,34,4,39,0
0,say,``,``,10,4,15,22,39,39,0
0,say,I,i,11,30,39,39,28,30,0
0,say,saw,saw,12,28,30,39,30,11,0
0,say,the,the,13,30,28,30,11,5,0
0,say,sunset,sunset,14,11,30,28,5,40,0
0,say,forty,forty,15,5,11,30,40,39,0
0,say,-,-,16,39,5,11,39,39,0
0,say,four,four,17,21,39,39,31,33,0
0,say,times,time,18,31,21,39,33,10,0
0,say,!,!,19,33,31,21,10,8,0
0,say,``,``,20,10,33,31,8,15,0
1,and,And,and,0,8,10,33,15,10,0
0,and,a,a,1,15,8,10,10,18,0
0,and,little,little,2,10,15,8,18,4,0
0,and,later,later,3,18,10,15,4,39,0
0,and,you,you,4,4,18,10,39,39,0
0,and,added,add,5,21,39,39,31,9,0
0,and,:,:,6,31,21,39,9,8,0
0,and,``,``,7,9,31,21,8,31,0
0,and,You,you,8,8,9,31,31,3,0
0,and,know,know,9,31,8,9,3,8,0
0,and,--,--,10,3,31,8,8,15,0
0,and,one,one,11,8,3,31,15,15,0
0,and,loves,love,12,15,8,3,15,31,0
0,and,the,the,13,15,15,8,31,33,0
0,and,sunset,sunset,14,31,15,15,33,10,0
0,and,",",",",15,33,31,15,10,11,0
0,and,when,when,16,10,33,31,11,5,0
0,and,one,one,17,11,10,33,5,15,0
0,and,is,be,18,5,11,10,15,4,0
0,and,so,so,19,15,5,11,4,39,0
0,and,sad,sad,20,4,15,5,39,39,0
0,and,...,...,21,21,39,39,31,23,0
0,and,``,``,22,31,21,39,23,30,0
0,sad,``,``,0,23,31,21,30,8,0
0,sad,Were,were,1,30,23,31,8,11,0
0,sad,you,you,2,8,30,23,11,15,0
0,sad,so,so,3,11,8,30,15,4,0
1,sad,sad,sad,4,15,11,8,4,39,0
0,sad,",",",",5,4,15,11,39,39,0
0,sad,then,then,6,39,39,39,10,15,0
0,sad,?,?,7,10,40,39,15,21,0
0,sad,``,``,8,15,10,40,21,34,0
0,ask,I,i,0,21,15,10,34,21,0
1,ask,asked,ask,1,34,21,15,21,3,1
0,ask,",",",",2,21,34,21,3,40,0
0,ask,``,``,3,3,21,34,40,8,0
0,ask,on,on,4,39,3,21,8,15,0
0,ask,the,the,5,8,40,3,15,31,0
0,ask,day,day,6,15,8,40,31,28,0
0,ask,of,of,7,31,15,8,28,21,0
0,ask,the,the,8,28,31,15,21,4,0
0,ask,forty,forty,9,21,28,31,4,39,0
0,ask,-,-,10,4,21,28,39,39,0
0,ask,four,four,11,39,39,39,21,35,0
0,ask,sunsets,sunset,12,21,40,39,35,22,0
0,ask,?,?,13,35,21,40,22,15,0
0,ask,``,``,14,22,35,21,15,10,0
0,contrast,But,but,0,15,22,35,10,21,0
0,contrast,the,the,1,10,15,22,21,34,0
0,contrast,little,little,2,21,10,15,34,23,0
0,contrast,prince,prince,3,34,21,10,23,33,0
0,contrast,made,make,4,23,34,21,33,21,0
0,contrast,no,no,5,33,23,34,21,19,0
0,contrast,reply,reply,6,21,33,23,19,8,1
0,contrast,.,.,7,19,21,33,8,15,0